datetime,area_id,base_fare,area_name,hour,day,ride_demand
2023-01-01 00:00:00,4,127,IT_Park,0,6,49
2023-01-01 01:00:00,5,51,Sadar,1,6,54
2023-01-01 02:00:00,3,122,Civi_lines,2,6,33
2023-01-01 03:00:00,5,86,Sadar,3,6,45
2023-01-01 04:00:00,5,69,Sadar,4,6,35
2023-01-01 05:00:00,2,75,Dharampeth,5,6,37
2023-01-01 06:00:00,3,78,Civi_lines,6,6,30
2023-01-01 07:00:00,3,50,Civi_lines,7,6,26
2023-01-01 08:00:00,3,84,Civi_lines,8,6,69
2023-01-01 09:00:00,5,119,Sadar,9,6,85
2023-01-01 10:00:00,4,150,IT_Park,10,6,73
2023-01-01 11:00:00,3,108,Civi_lines,11,6,29
2023-01-01 12:00:00,6,118,Railway_Station,12,6,45
2023-01-01 13:00:00,5,82,Sadar,13,6,40
2023-01-01 14:00:00,2,100,Dharampeth,14,6,37
2023-01-01 15:00:00,4,127,IT_Park,15,6,43
2023-01-01 16:00:00,6,61,Railway_Station,16,6,49
2023-01-01 17:00:00,6,69,Railway_Station,17,6,93
2023-01-01 18:00:00,2,102,Dharampeth,18,6,72
2023-01-01 19:00:00,4,137,IT_Park,19,6,72
2023-01-01 20:00:00,5,92,Sadar,20,6,80
2023-01-01 21:00:00,1,147,Sitabuldi,21,6,22
2023-01-01 22:00:00,4,138,IT_Park,22,6,41
2023-01-01 23:00:00,2,99,Dharampeth,23,6,32
2023-01-02 00:00:00,6,78,Railway_Station,0,0,50
2023-01-02 01:00:00,5,106,Sadar,1,0,46
2023-01-02 02:00:00,4,88,IT_Park,2,0,30
2023-01-02 03:00:00,1,144,Sitabuldi,3,0,31
2023-01-02 04:00:00,1,105,Sitabuldi,4,0,30
2023-01-02 05:00:00,3,92,Civi_lines,5,0,35
2023-01-02 06:00:00,3,99,Civi_lines,6,0,37
2023-01-02 07:00:00,2,72,Dharampeth,7,0,37
2023-01-02 08:00:00,4,93,IT_Park,8,0,70
2023-01-02 09:00:00,4,87,IT_Park,9,0,71
2023-01-02 10:00:00,6,133,Railway_Station,10,0,75
2023-01-02 11:00:00,6,72,Railway_Station,11,0,48
2023-01-02 12:00:00,6,94,Railway_Station,12,0,55
2023-01-02 13:00:00,3,101,Civi_lines,13,0,28
2023-01-02 14:00:00,4,129,IT_Park,14,0,32
2023-01-02 15:00:00,4,99,IT_Park,15,0,45
2023-01-02 16:00:00,1,57,Sitabuldi,16,0,26
2023-01-02 17:00:00,3,134,Civi_lines,17,0,75
2023-01-02 18:00:00,5,50,Sadar,18,0,79
2023-01-02 19:00:00,3,57,Civi_lines,19,0,82
2023-01-02 20:00:00,5,78,Sadar,20,0,93
2023-01-02 21:00:00,1,145,Sitabuldi,21,0,20
2023-01-02 22:00:00,2,54,Dharampeth,22,0,37
2023-01-02 23:00:00,4,135,IT_Park,23,0,35
2023-01-03 00:00:00,1,96,Sitabuldi,0,1,18
2023-01-03 01:00:00,4,83,IT_Park,1,1,41
2023-01-03 02:00:00,6,114,Railway_Station,2,1,58
2023-01-03 03:00:00,2,104,Dharampeth,3,1,21
2023-01-03 04:00:00,2,139,Dharampeth,4,1,36
2023-01-03 05:00:00,1,92,Sitabuldi,5,1,25
2023-01-03 06:00:00,2,123,Dharampeth,6,1,30
2023-01-03 07:00:00,5,79,Sadar,7,1,55
2023-01-03 08:00:00,2,131,Dharampeth,8,1,65
2023-01-03 09:00:00,4,66,IT_Park,9,1,61
2023-01-03 10:00:00,4,75,IT_Park,10,1,61
2023-01-03 11:00:00,4,57,IT_Park,11,1,37
2023-01-03 12:00:00,4,96,IT_Park,12,1,42
2023-01-03 13:00:00,5,125,Sadar,13,1,44
2023-01-03 14:00:00,3,140,Civi_lines,14,1,32
2023-01-03 15:00:00,6,121,Railway_Station,15,1,43
2023-01-03 16:00:00,1,138,Sitabuldi,16,1,29
2023-01-03 17:00:00,4,95,IT_Park,17,1,70
2023-01-03 18:00:00,2,117,Dharampeth,18,1,70
2023-01-03 19:00:00,4,82,IT_Park,19,1,76
2023-01-03 20:00:00,2,50,Dharampeth,20,1,76
2023-01-03 21:00:00,6,68,Railway_Station,21,1,59
2023-01-03 22:00:00,6,80,Railway_Station,22,1,57
2023-01-03 23:00:00,6,129,Railway_Station,23,1,51
2023-01-04 00:00:00,2,63,Dharampeth,0,2,28
2023-01-04 01:00:00,4,102,IT_Park,1,2,34
2023-01-04 02:00:00,6,97,Railway_Station,2,2,49
2023-01-04 03:00:00,5,118,Sadar,3,2,38
2023-01-04 04:00:00,2,139,Dharampeth,4,2,24
2023-01-04 05:00:00,2,111,Dharampeth,5,2,29
2023-01-04 06:00:00,4,141,IT_Park,6,2,40
2023-01-04 07:00:00,2,115,Dharampeth,7,2,40
2023-01-04 08:00:00,2,113,Dharampeth,8,2,59
2023-01-04 09:00:00,6,119,Railway_Station,9,2,77
2023-01-04 10:00:00,4,112,IT_Park,10,2,61
2023-01-04 11:00:00,6,122,Railway_Station,11,2,47
2023-01-04 12:00:00,6,82,Railway_Station,12,2,55
2023-01-04 13:00:00,4,90,IT_Park,13,2,34
2023-01-04 14:00:00,1,138,Sitabuldi,14,2,17
2023-01-04 15:00:00,6,97,Railway_Station,15,2,51
2023-01-04 16:00:00,5,62,Sadar,16,2,47
2023-01-04 17:00:00,5,122,Sadar,17,2,87
2023-01-04 18:00:00,2,126,Dharampeth,18,2,69
2023-01-04 19:00:00,5,80,Sadar,19,2,78
2023-01-04 20:00:00,2,124,Dharampeth,20,2,68
2023-01-04 21:00:00,1,117,Sitabuldi,21,2,16
2023-01-04 22:00:00,4,147,IT_Park,22,2,48
2023-01-04 23:00:00,4,53,IT_Park,23,2,30
2023-01-05 00:00:00,4,68,IT_Park,0,3,36
2023-01-05 01:00:00,5,119,Sadar,1,3,51
2023-01-05 02:00:00,1,147,Sitabuldi,2,3,17
2023-01-05 03:00:00,5,131,Sadar,3,3,54
2023-01-05 04:00:00,5,62,Sadar,4,3,54
2023-01-05 05:00:00,1,72,Sitabuldi,5,3,35
2023-01-05 06:00:00,1,132,Sitabuldi,6,3,17
2023-01-05 07:00:00,1,124,Sitabuldi,7,3,17
2023-01-05 08:00:00,1,50,Sitabuldi,8,3,61
2023-01-05 09:00:00,4,137,IT_Park,9,3,66
2023-01-05 10:00:00,3,103,Civi_lines,10,3,68
2023-01-05 11:00:00,3,120,Civi_lines,11,3,41
2023-01-05 12:00:00,1,138,Sitabuldi,12,3,32
2023-01-05 13:00:00,3,134,Civi_lines,13,3,37
2023-01-05 14:00:00,3,64,Civi_lines,14,3,44
2023-01-05 15:00:00,1,114,Sitabuldi,15,3,34
2023-01-05 16:00:00,3,125,Civi_lines,16,3,45
2023-01-05 17:00:00,5,120,Sadar,17,3,92
2023-01-05 18:00:00,2,64,Dharampeth,18,3,63
2023-01-05 19:00:00,2,70,Dharampeth,19,3,60
2023-01-05 20:00:00,1,68,Sitabuldi,20,3,72
2023-01-05 21:00:00,4,109,IT_Park,21,3,30
2023-01-05 22:00:00,1,142,Sitabuldi,22,3,27
2023-01-05 23:00:00,4,138,IT_Park,23,3,49
2023-01-06 00:00:00,2,82,Dharampeth,0,4,39
2023-01-06 01:00:00,1,98,Sitabuldi,1,4,24
2023-01-06 02:00:00,6,145,Railway_Station,2,4,50
2023-01-06 03:00:00,5,84,Sadar,3,4,43
2023-01-06 04:00:00,3,93,Civi_lines,4,4,33
2023-01-06 05:00:00,4,139,IT_Park,5,4,34
2023-01-06 06:00:00,6,60,Railway_Station,6,4,40
2023-01-06 07:00:00,3,148,Civi_lines,7,4,41
2023-01-06 08:00:00,3,121,Civi_lines,8,4,56
2023-01-06 09:00:00,1,127,Sitabuldi,9,4,57
2023-01-06 10:00:00,3,123,Civi_lines,10,4,63
2023-01-06 11:00:00,5,115,Sadar,11,4,38
2023-01-06 12:00:00,6,95,Railway_Station,12,4,44
2023-01-06 13:00:00,3,58,Civi_lines,13,4,35
2023-01-06 14:00:00,1,52,Sitabuldi,14,4,33
2023-01-06 15:00:00,5,134,Sadar,15,4,55
2023-01-06 16:00:00,2,75,Dharampeth,16,4,22
2023-01-06 17:00:00,6,121,Railway_Station,17,4,91
2023-01-06 18:00:00,3,97,Civi_lines,18,4,83
2023-01-06 19:00:00,1,115,Sitabuldi,19,4,73
2023-01-06 20:00:00,2,119,Dharampeth,20,4,72
2023-01-06 21:00:00,2,77,Dharampeth,21,4,26
2023-01-06 22:00:00,4,142,IT_Park,22,4,44
2023-01-06 23:00:00,5,75,Sadar,23,4,41
2023-01-07 00:00:00,3,74,Civi_lines,0,5,32
2023-01-07 01:00:00,1,61,Sitabuldi,1,5,19
2023-01-07 02:00:00,4,54,IT_Park,2,5,50
2023-01-07 03:00:00,5,147,Sadar,3,5,48
2023-01-07 04:00:00,4,97,IT_Park,4,5,33
2023-01-07 05:00:00,6,86,Railway_Station,5,5,49
2023-01-07 06:00:00,5,128,Sadar,6,5,54
2023-01-07 07:00:00,5,93,Sadar,7,5,49
2023-01-07 08:00:00,3,149,Civi_lines,8,5,72
2023-01-07 09:00:00,5,64,Sadar,9,5,84
2023-01-07 10:00:00,4,92,IT_Park,10,5,72
2023-01-07 11:00:00,5,97,Sadar,11,5,42
2023-01-07 12:00:00,3,136,Civi_lines,12,5,33
2023-01-07 13:00:00,3,119,Civi_lines,13,5,40
2023-01-07 14:00:00,6,95,Railway_Station,14,5,58
2023-01-07 15:00:00,4,92,IT_Park,15,5,45
2023-01-07 16:00:00,2,70,Dharampeth,16,5,26
2023-01-07 17:00:00,2,72,Dharampeth,17,5,73
2023-01-07 18:00:00,5,129,Sadar,18,5,88
2023-01-07 19:00:00,6,96,Railway_Station,19,5,83
2023-01-07 20:00:00,1,64,Sitabuldi,20,5,69
2023-01-07 21:00:00,5,74,Sadar,21,5,37
2023-01-07 22:00:00,6,85,Railway_Station,22,5,44
2023-01-07 23:00:00,4,124,IT_Park,23,5,30
2023-01-08 00:00:00,4,100,IT_Park,0,6,32
2023-01-08 01:00:00,4,64,IT_Park,1,6,44
2023-01-08 02:00:00,4,117,IT_Park,2,6,37
2023-01-08 03:00:00,4,70,IT_Park,3,6,33
2023-01-08 04:00:00,6,62,Railway_Station,4,6,41
2023-01-08 05:00:00,6,135,Railway_Station,5,6,49
2023-01-08 06:00:00,3,68,Civi_lines,6,6,28
2023-01-08 07:00:00,2,83,Dharampeth,7,6,22
2023-01-08 08:00:00,4,127,IT_Park,8,6,61
2023-01-08 09:00:00,1,117,Sitabuldi,9,6,61
2023-01-08 10:00:00,6,101,Railway_Station,10,6,90
2023-01-08 11:00:00,1,76,Sitabuldi,11,6,34
2023-01-08 12:00:00,1,78,Sitabuldi,12,6,27
2023-01-08 13:00:00,1,77,Sitabuldi,13,6,19
2023-01-08 14:00:00,3,84,Civi_lines,14,6,45
2023-01-08 15:00:00,6,57,Railway_Station,15,6,48
2023-01-08 16:00:00,1,65,Sitabuldi,16,6,20
2023-01-08 17:00:00,4,85,IT_Park,17,6,74
2023-01-08 18:00:00,5,79,Sadar,18,6,84
2023-01-08 19:00:00,1,67,Sitabuldi,19,6,62
2023-01-08 20:00:00,3,51,Civi_lines,20,6,71
2023-01-08 21:00:00,6,98,Railway_Station,21,6,46
2023-01-08 22:00:00,3,126,Civi_lines,22,6,30
2023-01-08 23:00:00,1,53,Sitabuldi,23,6,35
2023-01-09 00:00:00,6,139,Railway_Station,0,0,59
2023-01-09 01:00:00,5,138,Sadar,1,0,37
2023-01-09 02:00:00,1,143,Sitabuldi,2,0,33
2023-01-09 03:00:00,3,124,Civi_lines,3,0,39
2023-01-09 04:00:00,2,56,Dharampeth,4,0,23
2023-01-09 05:00:00,4,144,IT_Park,5,0,41
2023-01-09 06:00:00,3,123,Civi_lines,6,0,30
2023-01-09 07:00:00,6,88,Railway_Station,7,0,58
2023-01-09 08:00:00,1,62,Sitabuldi,8,0,48
2023-01-09 09:00:00,4,80,IT_Park,9,0,74
2023-01-09 10:00:00,1,120,Sitabuldi,10,0,53
2023-01-09 11:00:00,6,112,Railway_Station,11,0,44
2023-01-09 12:00:00,1,105,Sitabuldi,12,0,27
2023-01-09 13:00:00,2,91,Dharampeth,13,0,37
2023-01-09 14:00:00,4,110,IT_Park,14,0,34
2023-01-09 15:00:00,4,91,IT_Park,15,0,45
2023-01-09 16:00:00,6,105,Railway_Station,16,0,58
2023-01-09 17:00:00,2,85,Dharampeth,17,0,73
2023-01-09 18:00:00,3,133,Civi_lines,18,0,80
2023-01-09 19:00:00,1,117,Sitabuldi,19,0,69
2023-01-09 20:00:00,5,56,Sadar,20,0,78
2023-01-09 21:00:00,1,103,Sitabuldi,21,0,21
2023-01-09 22:00:00,1,50,Sitabuldi,22,0,30
2023-01-09 23:00:00,3,93,Civi_lines,23,0,45
2023-01-10 00:00:00,1,94,Sitabuldi,0,1,35
2023-01-10 01:00:00,2,96,Dharampeth,1,1,27
2023-01-10 02:00:00,2,62,Dharampeth,2,1,36
2023-01-10 03:00:00,4,71,IT_Park,3,1,45
2023-01-10 04:00:00,6,70,Railway_Station,4,1,49
2023-01-10 05:00:00,5,135,Sadar,5,1,44
2023-01-10 06:00:00,1,141,Sitabuldi,6,1,16
2023-01-10 07:00:00,1,58,Sitabuldi,7,1,23
2023-01-10 08:00:00,3,75,Civi_lines,8,1,71
2023-01-10 09:00:00,6,58,Railway_Station,9,1,80
2023-01-10 10:00:00,2,64,Dharampeth,10,1,59
2023-01-10 11:00:00,5,59,Sadar,11,1,51
2023-01-10 12:00:00,4,137,IT_Park,12,1,33
2023-01-10 13:00:00,2,91,Dharampeth,13,1,35
2023-01-10 14:00:00,6,121,Railway_Station,14,1,59
2023-01-10 15:00:00,4,73,IT_Park,15,1,44
2023-01-10 16:00:00,3,129,Civi_lines,16,1,45
2023-01-10 17:00:00,3,98,Civi_lines,17,1,69
2023-01-10 18:00:00,1,75,Sitabuldi,18,1,60
2023-01-10 19:00:00,6,140,Railway_Station,19,1,96
2023-01-10 20:00:00,5,86,Sadar,20,1,75
2023-01-10 21:00:00,4,117,IT_Park,21,1,48
2023-01-10 22:00:00,2,99,Dharampeth,22,1,23
2023-01-10 23:00:00,6,73,Railway_Station,23,1,56
2023-01-11 00:00:00,6,68,Railway_Station,0,2,48
2023-01-11 01:00:00,3,149,Civi_lines,1,2,26
2023-01-11 02:00:00,1,109,Sitabuldi,2,2,22
2023-01-11 03:00:00,1,88,Sitabuldi,3,2,29
2023-01-11 04:00:00,4,123,IT_Park,4,2,36
2023-01-11 05:00:00,3,138,Civi_lines,5,2,30
2023-01-11 06:00:00,6,67,Railway_Station,6,2,40
2023-01-11 07:00:00,5,68,Sadar,7,2,49
2023-01-11 08:00:00,3,85,Civi_lines,8,2,61
2023-01-11 09:00:00,4,123,IT_Park,9,2,76
2023-01-11 10:00:00,4,146,IT_Park,10,2,61
2023-01-11 11:00:00,3,104,Civi_lines,11,2,33
2023-01-11 12:00:00,4,118,IT_Park,12,2,38
2023-01-11 13:00:00,3,96,Civi_lines,13,2,37
2023-01-11 14:00:00,2,98,Dharampeth,14,2,25
2023-01-11 15:00:00,3,148,Civi_lines,15,2,30
2023-01-11 16:00:00,3,147,Civi_lines,16,2,44
2023-01-11 17:00:00,4,82,IT_Park,17,2,89
2023-01-11 18:00:00,4,70,IT_Park,18,2,90
2023-01-11 19:00:00,1,130,Sitabuldi,19,2,57
2023-01-11 20:00:00,1,71,Sitabuldi,20,2,71
2023-01-11 21:00:00,2,97,Dharampeth,21,2,36
2023-01-11 22:00:00,1,86,Sitabuldi,22,2,26
2023-01-11 23:00:00,3,64,Civi_lines,23,2,40
2023-01-12 00:00:00,4,84,IT_Park,0,3,44
2023-01-12 01:00:00,1,141,Sitabuldi,1,3,27
2023-01-12 02:00:00,1,120,Sitabuldi,2,3,15
2023-01-12 03:00:00,2,81,Dharampeth,3,3,36
2023-01-12 04:00:00,6,60,Railway_Station,4,3,42
2023-01-12 05:00:00,2,59,Dharampeth,5,3,34
2023-01-12 06:00:00,3,122,Civi_lines,6,3,28
2023-01-12 07:00:00,4,127,IT_Park,7,3,33
2023-01-12 08:00:00,2,126,Dharampeth,8,3,67
2023-01-12 09:00:00,1,106,Sitabuldi,9,3,61
2023-01-12 10:00:00,4,74,IT_Park,10,3,78
2023-01-12 11:00:00,4,51,IT_Park,11,3,40
2023-01-12 12:00:00,1,113,Sitabuldi,12,3,34
2023-01-12 13:00:00,2,84,Dharampeth,13,3,22
2023-01-12 14:00:00,1,56,Sitabuldi,14,3,22
2023-01-12 15:00:00,6,134,Railway_Station,15,3,53
2023-01-12 16:00:00,4,67,IT_Park,16,3,30
2023-01-12 17:00:00,5,116,Sadar,17,3,88
2023-01-12 18:00:00,5,91,Sadar,18,3,76
2023-01-12 19:00:00,3,88,Civi_lines,19,3,68
2023-01-12 20:00:00,1,90,Sitabuldi,20,3,73
2023-01-12 21:00:00,1,124,Sitabuldi,21,3,20
2023-01-12 22:00:00,3,73,Civi_lines,22,3,25
2023-01-12 23:00:00,3,109,Civi_lines,23,3,41
2023-01-13 00:00:00,3,95,Civi_lines,0,4,32
2023-01-13 01:00:00,4,68,IT_Park,1,4,48
2023-01-13 02:00:00,6,117,Railway_Station,2,4,60
2023-01-13 03:00:00,1,139,Sitabuldi,3,4,15
2023-01-13 04:00:00,4,91,IT_Park,4,4,34
2023-01-13 05:00:00,3,81,Civi_lines,5,4,40
2023-01-13 06:00:00,1,88,Sitabuldi,6,4,20
2023-01-13 07:00:00,4,85,IT_Park,7,4,37
2023-01-13 08:00:00,6,150,Railway_Station,8,4,82
2023-01-13 09:00:00,4,146,IT_Park,9,4,75
2023-01-13 10:00:00,6,85,Railway_Station,10,4,72
2023-01-13 11:00:00,3,52,Civi_lines,11,4,43
2023-01-13 12:00:00,6,122,Railway_Station,12,4,51
2023-01-13 13:00:00,1,57,Sitabuldi,13,4,30
2023-01-13 14:00:00,3,146,Civi_lines,14,4,35
2023-01-13 15:00:00,1,119,Sitabuldi,15,4,24
2023-01-13 16:00:00,5,90,Sadar,16,4,54
2023-01-13 17:00:00,2,117,Dharampeth,17,4,63
2023-01-13 18:00:00,6,62,Railway_Station,18,4,91
2023-01-13 19:00:00,2,98,Dharampeth,19,4,61
2023-01-13 20:00:00,2,109,Dharampeth,20,4,78
2023-01-13 21:00:00,6,51,Railway_Station,21,4,44
2023-01-13 22:00:00,3,109,Civi_lines,22,4,32
2023-01-13 23:00:00,5,54,Sadar,23,4,41
2023-01-14 00:00:00,1,93,Sitabuldi,0,5,28
2023-01-14 01:00:00,4,76,IT_Park,1,5,32
2023-01-14 02:00:00,1,81,Sitabuldi,2,5,32
2023-01-14 03:00:00,4,70,IT_Park,3,5,45
2023-01-14 04:00:00,1,57,Sitabuldi,4,5,33
2023-01-14 05:00:00,6,121,Railway_Station,5,5,58
2023-01-14 06:00:00,5,99,Sadar,6,5,52
2023-01-14 07:00:00,4,116,IT_Park,7,5,49
2023-01-14 08:00:00,3,93,Civi_lines,8,5,70
2023-01-14 09:00:00,1,107,Sitabuldi,9,5,52
2023-01-14 10:00:00,1,52,Sitabuldi,10,5,45
2023-01-14 11:00:00,4,135,IT_Park,11,5,46
2023-01-14 12:00:00,3,119,Civi_lines,12,5,36
2023-01-14 13:00:00,3,51,Civi_lines,13,5,45
2023-01-14 14:00:00,6,136,Railway_Station,14,5,50
2023-01-14 15:00:00,6,93,Railway_Station,15,5,44
2023-01-14 16:00:00,6,51,Railway_Station,16,5,51
2023-01-14 17:00:00,6,130,Railway_Station,17,5,96
2023-01-14 18:00:00,6,84,Railway_Station,18,5,85
2023-01-14 19:00:00,6,147,Railway_Station,19,5,80
2023-01-14 20:00:00,5,136,Sadar,20,5,79
2023-01-14 21:00:00,3,79,Civi_lines,21,5,38
2023-01-14 22:00:00,6,57,Railway_Station,22,5,44
2023-01-14 23:00:00,3,71,Civi_lines,23,5,25
2023-01-15 00:00:00,3,93,Civi_lines,0,6,42
2023-01-15 01:00:00,2,107,Dharampeth,1,6,35
2023-01-15 02:00:00,5,85,Sadar,2,6,43
2023-01-15 03:00:00,6,118,Railway_Station,3,6,58
2023-01-15 04:00:00,1,126,Sitabuldi,4,6,19
2023-01-15 05:00:00,4,142,IT_Park,5,6,31
2023-01-15 06:00:00,1,80,Sitabuldi,6,6,29
2023-01-15 07:00:00,5,96,Sadar,7,6,41
2023-01-15 08:00:00,4,104,IT_Park,8,6,63
2023-01-15 09:00:00,5,129,Sadar,9,6,65
2023-01-15 10:00:00,3,111,Civi_lines,10,6,67
2023-01-15 11:00:00,4,79,IT_Park,11,6,49
2023-01-15 12:00:00,3,104,Civi_lines,12,6,31
2023-01-15 13:00:00,1,65,Sitabuldi,13,6,29
2023-01-15 14:00:00,1,61,Sitabuldi,14,6,28
2023-01-15 15:00:00,4,66,IT_Park,15,6,48
2023-01-15 16:00:00,4,65,IT_Park,16,6,49
2023-01-15 17:00:00,6,61,Railway_Station,17,6,97
2023-01-15 18:00:00,5,57,Sadar,18,6,84
2023-01-15 19:00:00,6,133,Railway_Station,19,6,88
2023-01-15 20:00:00,5,52,Sadar,20,6,82
2023-01-15 21:00:00,6,65,Railway_Station,21,6,49
2023-01-15 22:00:00,3,79,Civi_lines,22,6,41
2023-01-15 23:00:00,4,72,IT_Park,23,6,31
2023-01-16 00:00:00,1,141,Sitabuldi,0,0,20
2023-01-16 01:00:00,5,54,Sadar,1,0,39
2023-01-16 02:00:00,5,133,Sadar,2,0,43
2023-01-16 03:00:00,1,114,Sitabuldi,3,0,19
2023-01-16 04:00:00,6,79,Railway_Station,4,0,57
2023-01-16 05:00:00,5,70,Sadar,5,0,54
2023-01-16 06:00:00,3,133,Civi_lines,6,0,33
2023-01-16 07:00:00,4,119,IT_Park,7,0,46
2023-01-16 08:00:00,1,71,Sitabuldi,8,0,61
2023-01-16 09:00:00,4,131,IT_Park,9,0,71
2023-01-16 10:00:00,5,121,Sadar,10,0,71
2023-01-16 11:00:00,5,81,Sadar,11,0,37
2023-01-16 12:00:00,1,82,Sitabuldi,12,0,24
2023-01-16 13:00:00,3,65,Civi_lines,13,0,26
2023-01-16 14:00:00,2,125,Dharampeth,14,0,22
2023-01-16 15:00:00,1,87,Sitabuldi,15,0,30
2023-01-16 16:00:00,2,147,Dharampeth,16,0,21
2023-01-16 17:00:00,6,63,Railway_Station,17,0,89
2023-01-16 18:00:00,2,85,Dharampeth,18,0,65
2023-01-16 19:00:00,3,146,Civi_lines,19,0,75
2023-01-16 20:00:00,6,72,Railway_Station,20,0,86
2023-01-16 21:00:00,2,115,Dharampeth,21,0,34
2023-01-16 22:00:00,6,134,Railway_Station,22,0,45
2023-01-16 23:00:00,2,51,Dharampeth,23,0,39
2023-01-17 00:00:00,3,140,Civi_lines,0,1,33
2023-01-17 01:00:00,2,122,Dharampeth,1,1,39
2023-01-17 02:00:00,2,114,Dharampeth,2,1,31
2023-01-17 03:00:00,2,124,Dharampeth,3,1,38
2023-01-17 04:00:00,1,116,Sitabuldi,4,1,34
2023-01-17 05:00:00,1,101,Sitabuldi,5,1,17
2023-01-17 06:00:00,1,111,Sitabuldi,6,1,29
2023-01-17 07:00:00,3,72,Civi_lines,7,1,26
2023-01-17 08:00:00,6,75,Railway_Station,8,1,90
2023-01-17 09:00:00,5,117,Sadar,9,1,66
2023-01-17 10:00:00,2,131,Dharampeth,10,1,52
2023-01-17 11:00:00,2,104,Dharampeth,11,1,25
2023-01-17 12:00:00,3,55,Civi_lines,12,1,39
2023-01-17 13:00:00,2,84,Dharampeth,13,1,29
2023-01-17 14:00:00,1,71,Sitabuldi,14,1,23
2023-01-17 15:00:00,5,92,Sadar,15,1,35
2023-01-17 16:00:00,4,64,IT_Park,16,1,45
2023-01-17 17:00:00,2,135,Dharampeth,17,1,65
2023-01-17 18:00:00,1,109,Sitabuldi,18,1,63
2023-01-17 19:00:00,4,150,IT_Park,19,1,73
2023-01-17 20:00:00,5,61,Sadar,20,1,76
2023-01-17 21:00:00,4,98,IT_Park,21,1,33
2023-01-17 22:00:00,1,91,Sitabuldi,22,1,15
2023-01-17 23:00:00,6,87,Railway_Station,23,1,58
2023-01-18 00:00:00,6,131,Railway_Station,0,2,49
2023-01-18 01:00:00,4,94,IT_Park,1,2,50
2023-01-18 02:00:00,3,84,Civi_lines,2,2,39
2023-01-18 03:00:00,4,79,IT_Park,3,2,48
2023-01-18 04:00:00,2,137,Dharampeth,4,2,35
2023-01-18 05:00:00,2,79,Dharampeth,5,2,40
2023-01-18 06:00:00,6,127,Railway_Station,6,2,43
2023-01-18 07:00:00,3,55,Civi_lines,7,2,26
2023-01-18 08:00:00,1,116,Sitabuldi,8,2,57
2023-01-18 09:00:00,2,129,Dharampeth,9,2,50
2023-01-18 10:00:00,6,56,Railway_Station,10,2,86
2023-01-18 11:00:00,5,101,Sadar,11,2,47
2023-01-18 12:00:00,6,63,Railway_Station,12,2,43
2023-01-18 13:00:00,2,122,Dharampeth,13,2,26
2023-01-18 14:00:00,2,64,Dharampeth,14,2,36
2023-01-18 15:00:00,6,70,Railway_Station,15,2,48
2023-01-18 16:00:00,1,84,Sitabuldi,16,2,18
2023-01-18 17:00:00,4,115,IT_Park,17,2,88
2023-01-18 18:00:00,2,140,Dharampeth,18,2,60
2023-01-18 19:00:00,6,51,Railway_Station,19,2,89
2023-01-18 20:00:00,6,84,Railway_Station,20,2,83
2023-01-18 21:00:00,3,131,Civi_lines,21,2,33
2023-01-18 22:00:00,4,127,IT_Park,22,2,42
2023-01-18 23:00:00,5,69,Sadar,23,2,48
2023-01-19 00:00:00,1,131,Sitabuldi,0,3,24
2023-01-19 01:00:00,5,59,Sadar,1,3,40
2023-01-19 02:00:00,4,74,IT_Park,2,3,45
2023-01-19 03:00:00,4,115,IT_Park,3,3,35
2023-01-19 04:00:00,4,74,IT_Park,4,3,46
2023-01-19 05:00:00,5,103,Sadar,5,3,44
2023-01-19 06:00:00,4,82,IT_Park,6,3,47
2023-01-19 07:00:00,6,85,Railway_Station,7,3,57
2023-01-19 08:00:00,5,144,Sadar,8,3,67
2023-01-19 09:00:00,4,63,IT_Park,9,3,79
2023-01-19 10:00:00,6,114,Railway_Station,10,3,90
2023-01-19 11:00:00,3,129,Civi_lines,11,3,39
2023-01-19 12:00:00,4,103,IT_Park,12,3,44
2023-01-19 13:00:00,5,101,Sadar,13,3,38
2023-01-19 14:00:00,2,52,Dharampeth,14,3,28
2023-01-19 15:00:00,4,148,IT_Park,15,3,48
2023-01-19 16:00:00,2,90,Dharampeth,16,3,36
2023-01-19 17:00:00,6,55,Railway_Station,17,3,90
2023-01-19 18:00:00,3,74,Civi_lines,18,3,73
2023-01-19 19:00:00,1,62,Sitabuldi,19,3,64
2023-01-19 20:00:00,3,147,Civi_lines,20,3,82
2023-01-19 21:00:00,4,57,IT_Park,21,3,49
2023-01-19 22:00:00,2,70,Dharampeth,22,3,32
2023-01-19 23:00:00,2,147,Dharampeth,23,3,27
2023-01-20 00:00:00,5,117,Sadar,0,4,41
2023-01-20 01:00:00,2,74,Dharampeth,1,4,36
2023-01-20 02:00:00,5,128,Sadar,2,4,55
2023-01-20 03:00:00,6,117,Railway_Station,3,4,54
2023-01-20 04:00:00,1,94,Sitabuldi,4,4,34
2023-01-20 05:00:00,4,109,IT_Park,5,4,44
2023-01-20 06:00:00,5,61,Sadar,6,4,35
2023-01-20 07:00:00,1,81,Sitabuldi,7,4,28
2023-01-20 08:00:00,2,145,Dharampeth,8,4,54
2023-01-20 09:00:00,2,141,Dharampeth,9,4,60
2023-01-20 10:00:00,1,62,Sitabuldi,10,4,60
2023-01-20 11:00:00,2,80,Dharampeth,11,4,21
2023-01-20 12:00:00,6,127,Railway_Station,12,4,47
2023-01-20 13:00:00,6,69,Railway_Station,13,4,50
2023-01-20 14:00:00,1,67,Sitabuldi,14,4,32
2023-01-20 15:00:00,5,142,Sadar,15,4,37
2023-01-20 16:00:00,5,109,Sadar,16,4,35
2023-01-20 17:00:00,1,112,Sitabuldi,17,4,65
2023-01-20 18:00:00,5,55,Sadar,18,4,90
2023-01-20 19:00:00,5,81,Sadar,19,4,92
2023-01-20 20:00:00,6,142,Railway_Station,20,4,95
2023-01-20 21:00:00,5,92,Sadar,21,4,44
2023-01-20 22:00:00,3,51,Civi_lines,22,4,42
2023-01-20 23:00:00,4,109,IT_Park,23,4,35
2023-01-21 00:00:00,2,72,Dharampeth,0,5,38
2023-01-21 01:00:00,3,132,Civi_lines,1,5,28
2023-01-21 02:00:00,5,80,Sadar,2,5,47
2023-01-21 03:00:00,6,54,Railway_Station,3,5,53
2023-01-21 04:00:00,1,132,Sitabuldi,4,5,17
2023-01-21 05:00:00,5,83,Sadar,5,5,44
2023-01-21 06:00:00,6,59,Railway_Station,6,5,45
2023-01-21 07:00:00,4,138,IT_Park,7,5,30
2023-01-21 08:00:00,5,51,Sadar,8,5,78
2023-01-21 09:00:00,1,60,Sitabuldi,9,5,52
2023-01-21 10:00:00,6,99,Railway_Station,10,5,88
2023-01-21 11:00:00,6,80,Railway_Station,11,5,53
2023-01-21 12:00:00,6,105,Railway_Station,12,5,49
2023-01-21 13:00:00,4,128,IT_Park,13,5,46
2023-01-21 14:00:00,5,122,Sadar,14,5,43
2023-01-21 15:00:00,4,136,IT_Park,15,5,35
2023-01-21 16:00:00,2,132,Dharampeth,16,5,30
2023-01-21 17:00:00,2,58,Dharampeth,17,5,66
2023-01-21 18:00:00,5,148,Sadar,18,5,91
2023-01-21 19:00:00,4,70,IT_Park,19,5,70
2023-01-21 20:00:00,1,122,Sitabuldi,20,5,59
2023-01-21 21:00:00,6,77,Railway_Station,21,5,48
2023-01-21 22:00:00,6,111,Railway_Station,22,5,57
2023-01-21 23:00:00,5,56,Sadar,23,5,55
2023-01-22 00:00:00,2,129,Dharampeth,0,6,21
2023-01-22 01:00:00,2,65,Dharampeth,1,6,30
2023-01-22 02:00:00,6,146,Railway_Station,2,6,45
2023-01-22 03:00:00,5,53,Sadar,3,6,42
2023-01-22 04:00:00,4,53,IT_Park,4,6,33
2023-01-22 05:00:00,2,89,Dharampeth,5,6,37
2023-01-22 06:00:00,4,66,IT_Park,6,6,40
2023-01-22 07:00:00,2,150,Dharampeth,7,6,24
2023-01-22 08:00:00,2,101,Dharampeth,8,6,64
2023-01-22 09:00:00,3,142,Civi_lines,9,6,72
2023-01-22 10:00:00,2,101,Dharampeth,10,6,51
2023-01-22 11:00:00,1,85,Sitabuldi,11,6,25
2023-01-22 12:00:00,5,87,Sadar,12,6,47
2023-01-22 13:00:00,5,99,Sadar,13,6,38
2023-01-22 14:00:00,4,112,IT_Park,14,6,36
2023-01-22 15:00:00,2,150,Dharampeth,15,6,30
2023-01-22 16:00:00,1,112,Sitabuldi,16,6,18
2023-01-22 17:00:00,4,111,IT_Park,17,6,84
2023-01-22 18:00:00,3,148,Civi_lines,18,6,65
2023-01-22 19:00:00,4,56,IT_Park,19,6,72
2023-01-22 20:00:00,4,76,IT_Park,20,6,83
2023-01-22 21:00:00,2,141,Dharampeth,21,6,25
2023-01-22 22:00:00,3,135,Civi_lines,22,6,42
2023-01-22 23:00:00,4,63,IT_Park,23,6,30
2023-01-23 00:00:00,1,120,Sitabuldi,0,0,20
2023-01-23 01:00:00,1,150,Sitabuldi,1,0,20
2023-01-23 02:00:00,5,135,Sadar,2,0,55
2023-01-23 03:00:00,3,54,Civi_lines,3,0,40
2023-01-23 04:00:00,3,104,Civi_lines,4,0,29
2023-01-23 05:00:00,5,51,Sadar,5,0,51
2023-01-23 06:00:00,4,111,IT_Park,6,0,39
2023-01-23 07:00:00,3,140,Civi_lines,7,0,45
2023-01-23 08:00:00,1,70,Sitabuldi,8,0,62
2023-01-23 09:00:00,1,128,Sitabuldi,9,0,51
2023-01-23 10:00:00,2,70,Dharampeth,10,0,52
2023-01-23 11:00:00,3,59,Civi_lines,11,0,37
2023-01-23 12:00:00,4,136,IT_Park,12,0,44
2023-01-23 13:00:00,5,107,Sadar,13,0,54
2023-01-23 14:00:00,5,88,Sadar,14,0,53
2023-01-23 15:00:00,4,54,IT_Park,15,0,32
2023-01-23 16:00:00,6,114,Railway_Station,16,0,43
2023-01-23 17:00:00,2,62,Dharampeth,17,0,64
2023-01-23 18:00:00,5,134,Sadar,18,0,75
2023-01-23 19:00:00,3,139,Civi_lines,19,0,68
2023-01-23 20:00:00,2,134,Dharampeth,20,0,71
2023-01-23 21:00:00,3,102,Civi_lines,21,0,34
2023-01-23 22:00:00,1,131,Sitabuldi,22,0,35
2023-01-23 23:00:00,2,150,Dharampeth,23,0,39
2023-01-24 00:00:00,5,94,Sadar,0,1,47
2023-01-24 01:00:00,2,81,Dharampeth,1,1,33
2023-01-24 02:00:00,2,85,Dharampeth,2,1,24
2023-01-24 03:00:00,2,130,Dharampeth,3,1,23
2023-01-24 04:00:00,6,148,Railway_Station,4,1,53
2023-01-24 05:00:00,2,109,Dharampeth,5,1,29
2023-01-24 06:00:00,3,60,Civi_lines,6,1,41
2023-01-24 07:00:00,1,112,Sitabuldi,7,1,24
2023-01-24 08:00:00,4,70,IT_Park,8,1,66
2023-01-24 09:00:00,2,101,Dharampeth,9,1,65
2023-01-24 10:00:00,5,104,Sadar,10,1,65
2023-01-24 11:00:00,2,75,Dharampeth,11,1,36
2023-01-24 12:00:00,5,117,Sadar,12,1,55
2023-01-24 13:00:00,3,83,Civi_lines,13,1,33
2023-01-24 14:00:00,5,101,Sadar,14,1,40
2023-01-24 15:00:00,4,131,IT_Park,15,1,48
2023-01-24 16:00:00,1,148,Sitabuldi,16,1,27
2023-01-24 17:00:00,5,142,Sadar,17,1,77
2023-01-24 18:00:00,5,101,Sadar,18,1,81
2023-01-24 19:00:00,1,78,Sitabuldi,19,1,63
2023-01-24 20:00:00,4,87,IT_Park,20,1,74
2023-01-24 21:00:00,2,91,Dharampeth,21,1,29
2023-01-24 22:00:00,5,70,Sadar,22,1,51
2023-01-24 23:00:00,1,91,Sitabuldi,23,1,26
2023-01-25 00:00:00,3,62,Civi_lines,0,2,40
2023-01-25 01:00:00,1,113,Sitabuldi,1,2,17
2023-01-25 02:00:00,3,66,Civi_lines,2,2,33
2023-01-25 03:00:00,4,58,IT_Park,3,2,44
2023-01-25 04:00:00,2,90,Dharampeth,4,2,24
2023-01-25 05:00:00,1,50,Sitabuldi,5,2,27
2023-01-25 06:00:00,6,51,Railway_Station,6,2,53
2023-01-25 07:00:00,5,109,Sadar,7,2,54
2023-01-25 08:00:00,4,97,IT_Park,8,2,74
2023-01-25 09:00:00,1,78,Sitabuldi,9,2,60
2023-01-25 10:00:00,5,146,Sadar,10,2,77
2023-01-25 11:00:00,1,59,Sitabuldi,11,2,31
2023-01-25 12:00:00,3,107,Civi_lines,12,2,32
2023-01-25 13:00:00,1,109,Sitabuldi,13,2,35
2023-01-25 14:00:00,6,70,Railway_Station,14,2,41
2023-01-25 15:00:00,1,77,Sitabuldi,15,2,19
2023-01-25 16:00:00,1,124,Sitabuldi,16,2,20
2023-01-25 17:00:00,6,83,Railway_Station,17,2,91
2023-01-25 18:00:00,4,57,IT_Park,18,2,87
2023-01-25 19:00:00,1,108,Sitabuldi,19,2,55
2023-01-25 20:00:00,6,135,Railway_Station,20,2,96
2023-01-25 21:00:00,5,121,Sadar,21,2,45
2023-01-25 22:00:00,3,98,Civi_lines,22,2,34
2023-01-25 23:00:00,3,128,Civi_lines,23,2,43
2023-01-26 00:00:00,1,66,Sitabuldi,0,3,28
2023-01-26 01:00:00,4,109,IT_Park,1,3,39
2023-01-26 02:00:00,4,136,IT_Park,2,3,44
2023-01-26 03:00:00,5,137,Sadar,3,3,53
2023-01-26 04:00:00,1,94,Sitabuldi,4,3,18
2023-01-26 05:00:00,3,132,Civi_lines,5,3,26
2023-01-26 06:00:00,4,118,IT_Park,6,3,38
2023-01-26 07:00:00,1,81,Sitabuldi,7,3,24
2023-01-26 08:00:00,4,93,IT_Park,8,3,70
2023-01-26 09:00:00,6,114,Railway_Station,9,3,83
2023-01-26 10:00:00,4,136,IT_Park,10,3,66
2023-01-26 11:00:00,3,150,Civi_lines,11,3,39
2023-01-26 12:00:00,2,57,Dharampeth,12,3,38
2023-01-26 13:00:00,5,126,Sadar,13,3,49
2023-01-26 14:00:00,5,121,Sadar,14,3,42
2023-01-26 15:00:00,3,136,Civi_lines,15,3,35
2023-01-26 16:00:00,4,92,IT_Park,16,3,38
2023-01-26 17:00:00,1,50,Sitabuldi,17,3,69
2023-01-26 18:00:00,4,100,IT_Park,18,3,70
2023-01-26 19:00:00,3,73,Civi_lines,19,3,65
2023-01-26 20:00:00,5,148,Sadar,20,3,93
2023-01-26 21:00:00,4,73,IT_Park,21,3,32
2023-01-26 22:00:00,5,66,Sadar,22,3,44
2023-01-26 23:00:00,1,54,Sitabuldi,23,3,22
2023-01-27 00:00:00,5,69,Sadar,0,4,49
2023-01-27 01:00:00,5,70,Sadar,1,4,44
2023-01-27 02:00:00,2,107,Dharampeth,2,4,20
2023-01-27 03:00:00,2,80,Dharampeth,3,4,37
2023-01-27 04:00:00,6,149,Railway_Station,4,4,41
2023-01-27 05:00:00,2,60,Dharampeth,5,4,38
2023-01-27 06:00:00,5,101,Sadar,6,4,47
2023-01-27 07:00:00,3,64,Civi_lines,7,4,25
2023-01-27 08:00:00,5,132,Sadar,8,4,66
2023-01-27 09:00:00,3,56,Civi_lines,9,4,70
2023-01-27 10:00:00,3,77,Civi_lines,10,4,69
2023-01-27 11:00:00,2,100,Dharampeth,11,4,32
2023-01-27 12:00:00,4,107,IT_Park,12,4,45
2023-01-27 13:00:00,1,54,Sitabuldi,13,4,31
2023-01-27 14:00:00,2,54,Dharampeth,14,4,40
2023-01-27 15:00:00,2,143,Dharampeth,15,4,26
2023-01-27 16:00:00,4,145,IT_Park,16,4,46
2023-01-27 17:00:00,1,57,Sitabuldi,17,4,61
2023-01-27 18:00:00,5,113,Sadar,18,4,87
2023-01-27 19:00:00,6,59,Railway_Station,19,4,84
2023-01-27 20:00:00,6,87,Railway_Station,20,4,96
2023-01-27 21:00:00,5,145,Sadar,21,4,37
2023-01-27 22:00:00,2,141,Dharampeth,22,4,26
2023-01-27 23:00:00,1,130,Sitabuldi,23,4,31
2023-01-28 00:00:00,2,144,Dharampeth,0,5,26
2023-01-28 01:00:00,3,57,Civi_lines,1,5,45
2023-01-28 02:00:00,2,74,Dharampeth,2,5,20
2023-01-28 03:00:00,2,122,Dharampeth,3,5,36
2023-01-28 04:00:00,5,115,Sadar,4,5,51
2023-01-28 05:00:00,5,128,Sadar,5,5,45
2023-01-28 06:00:00,5,99,Sadar,6,5,37
2023-01-28 07:00:00,6,116,Railway_Station,7,5,54
2023-01-28 08:00:00,3,98,Civi_lines,8,5,75
2023-01-28 09:00:00,5,85,Sadar,9,5,75
2023-01-28 10:00:00,1,117,Sitabuldi,10,5,60
2023-01-28 11:00:00,6,127,Railway_Station,11,5,48
2023-01-28 12:00:00,4,90,IT_Park,12,5,30
2023-01-28 13:00:00,1,138,Sitabuldi,13,5,30
2023-01-28 14:00:00,1,111,Sitabuldi,14,5,23
2023-01-28 15:00:00,5,59,Sadar,15,5,53
2023-01-28 16:00:00,4,70,IT_Park,16,5,41
2023-01-28 17:00:00,4,85,IT_Park,17,5,88
2023-01-28 18:00:00,6,61,Railway_Station,18,5,88
2023-01-28 19:00:00,4,140,IT_Park,19,5,76
2023-01-28 20:00:00,3,51,Civi_lines,20,5,78
2023-01-28 21:00:00,5,62,Sadar,21,5,53
2023-01-28 22:00:00,4,102,IT_Park,22,5,48
2023-01-28 23:00:00,6,81,Railway_Station,23,5,41
2023-01-29 00:00:00,3,144,Civi_lines,0,6,33
2023-01-29 01:00:00,2,65,Dharampeth,1,6,32
2023-01-29 02:00:00,2,81,Dharampeth,2,6,34
2023-01-29 03:00:00,3,81,Civi_lines,3,6,27
2023-01-29 04:00:00,6,147,Railway_Station,4,6,50
2023-01-29 05:00:00,3,60,Civi_lines,5,6,45
2023-01-29 06:00:00,5,59,Sadar,6,6,48
2023-01-29 07:00:00,5,64,Sadar,7,6,42
2023-01-29 08:00:00,2,66,Dharampeth,8,6,67
2023-01-29 09:00:00,4,89,IT_Park,9,6,78
2023-01-29 10:00:00,6,67,Railway_Station,10,6,85
2023-01-29 11:00:00,2,104,Dharampeth,11,6,21
2023-01-29 12:00:00,4,122,IT_Park,12,6,37
2023-01-29 13:00:00,4,74,IT_Park,13,6,35
2023-01-29 14:00:00,5,108,Sadar,14,6,46
2023-01-29 15:00:00,1,127,Sitabuldi,15,6,29
2023-01-29 16:00:00,1,138,Sitabuldi,16,6,22
2023-01-29 17:00:00,3,71,Civi_lines,17,6,68
2023-01-29 18:00:00,5,79,Sadar,18,6,89
2023-01-29 19:00:00,4,133,IT_Park,19,6,89
2023-01-29 20:00:00,6,134,Railway_Station,20,6,96
2023-01-29 21:00:00,1,93,Sitabuldi,21,6,27
2023-01-29 22:00:00,4,81,IT_Park,22,6,47
2023-01-29 23:00:00,1,100,Sitabuldi,23,6,16
2023-01-30 00:00:00,1,95,Sitabuldi,0,0,27
2023-01-30 01:00:00,1,70,Sitabuldi,1,0,27
2023-01-30 02:00:00,6,148,Railway_Station,2,0,54
2023-01-30 03:00:00,5,81,Sadar,3,0,54
2023-01-30 04:00:00,6,143,Railway_Station,4,0,49
2023-01-30 05:00:00,2,88,Dharampeth,5,0,22
2023-01-30 06:00:00,4,61,IT_Park,6,0,48
2023-01-30 07:00:00,5,96,Sadar,7,0,37
2023-01-30 08:00:00,5,67,Sadar,8,0,78
2023-01-30 09:00:00,5,70,Sadar,9,0,72
2023-01-30 10:00:00,5,62,Sadar,10,0,68
2023-01-30 11:00:00,6,70,Railway_Station,11,0,59
2023-01-30 12:00:00,5,57,Sadar,12,0,45
2023-01-30 13:00:00,3,95,Civi_lines,13,0,35
2023-01-30 14:00:00,4,56,IT_Park,14,0,40
2023-01-30 15:00:00,5,72,Sadar,15,0,36
2023-01-30 16:00:00,4,145,IT_Park,16,0,46
2023-01-30 17:00:00,3,124,Civi_lines,17,0,73
2023-01-30 18:00:00,3,135,Civi_lines,18,0,66
2023-01-30 19:00:00,4,71,IT_Park,19,0,84
2023-01-30 20:00:00,1,138,Sitabuldi,20,0,70
2023-01-30 21:00:00,2,71,Dharampeth,21,0,23
2023-01-30 22:00:00,1,141,Sitabuldi,22,0,22
2023-01-30 23:00:00,1,78,Sitabuldi,23,0,23
2023-01-31 00:00:00,6,62,Railway_Station,0,1,44
2023-01-31 01:00:00,1,131,Sitabuldi,1,1,30
2023-01-31 02:00:00,5,51,Sadar,2,1,47
2023-01-31 03:00:00,6,78,Railway_Station,3,1,46
2023-01-31 04:00:00,6,134,Railway_Station,4,1,59
2023-01-31 05:00:00,3,128,Civi_lines,5,1,41
2023-01-31 06:00:00,1,101,Sitabuldi,6,1,17
2023-01-31 07:00:00,3,76,Civi_lines,7,1,29
2023-01-31 08:00:00,4,99,IT_Park,8,1,78
2023-01-31 09:00:00,2,144,Dharampeth,9,1,61
2023-01-31 10:00:00,6,128,Railway_Station,10,1,76
2023-01-31 11:00:00,4,72,IT_Park,11,1,38
2023-01-31 12:00:00,4,137,IT_Park,12,1,35
2023-01-31 13:00:00,5,93,Sadar,13,1,51
2023-01-31 14:00:00,2,126,Dharampeth,14,1,35
2023-01-31 15:00:00,4,71,IT_Park,15,1,32
2023-01-31 16:00:00,4,92,IT_Park,16,1,50
2023-01-31 17:00:00,2,86,Dharampeth,17,1,63
2023-01-31 18:00:00,2,110,Dharampeth,18,1,69
2023-01-31 19:00:00,4,146,IT_Park,19,1,74
2023-01-31 20:00:00,2,105,Dharampeth,20,1,80
2023-01-31 21:00:00,4,52,IT_Park,21,1,39
2023-01-31 22:00:00,4,112,IT_Park,22,1,41
2023-01-31 23:00:00,5,68,Sadar,23,1,44
2023-02-01 00:00:00,1,72,Sitabuldi,0,2,27
2023-02-01 01:00:00,4,78,IT_Park,1,2,40
2023-02-01 02:00:00,3,79,Civi_lines,2,2,40
2023-02-01 03:00:00,6,88,Railway_Station,3,2,47
2023-02-01 04:00:00,1,74,Sitabuldi,4,2,22
2023-02-01 05:00:00,1,150,Sitabuldi,5,2,22
2023-02-01 06:00:00,1,57,Sitabuldi,6,2,27
2023-02-01 07:00:00,5,107,Sadar,7,2,36
2023-02-01 08:00:00,4,65,IT_Park,8,2,71
2023-02-01 09:00:00,5,121,Sadar,9,2,74
2023-02-01 10:00:00,4,50,IT_Park,10,2,71
2023-02-01 11:00:00,5,54,Sadar,11,2,45
2023-02-01 12:00:00,5,52,Sadar,12,2,49
2023-02-01 13:00:00,6,114,Railway_Station,13,2,55
2023-02-01 14:00:00,3,53,Civi_lines,14,2,41
2023-02-01 15:00:00,5,148,Sadar,15,2,36
2023-02-01 16:00:00,6,145,Railway_Station,16,2,57
2023-02-01 17:00:00,2,113,Dharampeth,17,2,71
2023-02-01 18:00:00,3,147,Civi_lines,18,2,83
2023-02-01 19:00:00,5,138,Sadar,19,2,92
2023-02-01 20:00:00,1,59,Sitabuldi,20,2,71
2023-02-01 21:00:00,2,70,Dharampeth,21,2,25
2023-02-01 22:00:00,2,95,Dharampeth,22,2,34
2023-02-01 23:00:00,6,140,Railway_Station,23,2,42
2023-02-02 00:00:00,2,76,Dharampeth,0,3,25
2023-02-02 01:00:00,3,115,Civi_lines,1,3,27
2023-02-02 02:00:00,5,90,Sadar,2,3,35
2023-02-02 03:00:00,5,62,Sadar,3,3,47
2023-02-02 04:00:00,1,58,Sitabuldi,4,3,35
2023-02-02 05:00:00,6,85,Railway_Station,5,3,53
2023-02-02 06:00:00,1,135,Sitabuldi,6,3,27
2023-02-02 07:00:00,2,139,Dharampeth,7,3,23
2023-02-02 08:00:00,1,107,Sitabuldi,8,3,51
2023-02-02 09:00:00,3,103,Civi_lines,9,3,64
2023-02-02 10:00:00,5,61,Sadar,10,3,71
2023-02-02 11:00:00,2,130,Dharampeth,11,3,40
2023-02-02 12:00:00,1,127,Sitabuldi,12,3,29
2023-02-02 13:00:00,6,63,Railway_Station,13,3,54
2023-02-02 14:00:00,3,83,Civi_lines,14,3,28
2023-02-02 15:00:00,3,102,Civi_lines,15,3,30
2023-02-02 16:00:00,1,69,Sitabuldi,16,3,34
2023-02-02 17:00:00,5,124,Sadar,17,3,79
2023-02-02 18:00:00,1,65,Sitabuldi,18,3,74
2023-02-02 19:00:00,2,144,Dharampeth,19,3,71
2023-02-02 20:00:00,1,119,Sitabuldi,20,3,55
2023-02-02 21:00:00,3,105,Civi_lines,21,3,32
2023-02-02 22:00:00,1,132,Sitabuldi,22,3,15
2023-02-02 23:00:00,5,150,Sadar,23,3,39
2023-02-03 00:00:00,6,107,Railway_Station,0,4,45
2023-02-03 01:00:00,4,53,IT_Park,1,4,50
2023-02-03 02:00:00,1,53,Sitabuldi,2,4,17
2023-02-03 03:00:00,5,69,Sadar,3,4,49
2023-02-03 04:00:00,5,59,Sadar,4,4,39
2023-02-03 05:00:00,6,73,Railway_Station,5,4,53
2023-02-03 06:00:00,3,148,Civi_lines,6,4,42
2023-02-03 07:00:00,5,75,Sadar,7,4,50
2023-02-03 08:00:00,5,86,Sadar,8,4,70
2023-02-03 09:00:00,5,134,Sadar,9,4,78
2023-02-03 10:00:00,5,103,Sadar,10,4,72
2023-02-03 11:00:00,2,70,Dharampeth,11,4,26
2023-02-03 12:00:00,2,123,Dharampeth,12,4,27
2023-02-03 13:00:00,3,87,Civi_lines,13,4,37
2023-02-03 14:00:00,1,95,Sitabuldi,14,4,20
2023-02-03 15:00:00,5,53,Sadar,15,4,52
2023-02-03 16:00:00,6,109,Railway_Station,16,4,41
2023-02-03 17:00:00,1,106,Sitabuldi,17,4,62
2023-02-03 18:00:00,6,94,Railway_Station,18,4,90
2023-02-03 19:00:00,1,69,Sitabuldi,19,4,55
2023-02-03 20:00:00,3,66,Civi_lines,20,4,70
2023-02-03 21:00:00,5,120,Sadar,21,4,50
2023-02-03 22:00:00,5,53,Sadar,22,4,54
2023-02-03 23:00:00,4,142,IT_Park,23,4,41
2023-02-04 00:00:00,6,63,Railway_Station,0,5,50
2023-02-04 01:00:00,1,52,Sitabuldi,1,5,24
2023-02-04 02:00:00,1,137,Sitabuldi,2,5,17
2023-02-04 03:00:00,2,150,Dharampeth,3,5,32
2023-02-04 04:00:00,4,129,IT_Park,4,5,32
2023-02-04 05:00:00,2,107,Dharampeth,5,5,34
2023-02-04 06:00:00,2,104,Dharampeth,6,5,35
2023-02-04 07:00:00,2,53,Dharampeth,7,5,32
2023-02-04 08:00:00,6,73,Railway_Station,8,5,86
2023-02-04 09:00:00,6,83,Railway_Station,9,5,72
2023-02-04 10:00:00,3,79,Civi_lines,10,5,74
2023-02-04 11:00:00,3,131,Civi_lines,11,5,35
2023-02-04 12:00:00,2,68,Dharampeth,12,5,40
2023-02-04 13:00:00,4,80,IT_Park,13,5,48
2023-02-04 14:00:00,1,109,Sitabuldi,14,5,25
2023-02-04 15:00:00,6,109,Railway_Station,15,5,55
2023-02-04 16:00:00,4,68,IT_Park,16,5,50
2023-02-04 17:00:00,5,98,Sadar,17,5,77
2023-02-04 18:00:00,6,112,Railway_Station,18,5,85
2023-02-04 19:00:00,6,132,Railway_Station,19,5,93
2023-02-04 20:00:00,3,71,Civi_lines,20,5,82
2023-02-04 21:00:00,1,73,Sitabuldi,21,5,31
2023-02-04 22:00:00,1,125,Sitabuldi,22,5,18
2023-02-04 23:00:00,5,79,Sadar,23,5,49
2023-02-05 00:00:00,5,107,Sadar,0,6,45
2023-02-05 01:00:00,6,80,Railway_Station,1,6,42
2023-02-05 02:00:00,2,149,Dharampeth,2,6,22
2023-02-05 03:00:00,3,113,Civi_lines,3,6,40
2023-02-05 04:00:00,3,68,Civi_lines,4,6,29
2023-02-05 05:00:00,6,97,Railway_Station,5,6,60
2023-02-05 06:00:00,4,94,IT_Park,6,6,39
2023-02-05 07:00:00,2,149,Dharampeth,7,6,38
2023-02-05 08:00:00,6,143,Railway_Station,8,6,73
2023-02-05 09:00:00,2,104,Dharampeth,9,6,68
2023-02-05 10:00:00,2,104,Dharampeth,10,6,60
2023-02-05 11:00:00,2,146,Dharampeth,11,6,21
2023-02-05 12:00:00,6,67,Railway_Station,12,6,49
2023-02-05 13:00:00,3,112,Civi_lines,13,6,35
2023-02-05 14:00:00,3,141,Civi_lines,14,6,44
2023-02-05 15:00:00,2,96,Dharampeth,15,6,35
2023-02-05 16:00:00,4,124,IT_Park,16,6,48
2023-02-05 17:00:00,1,106,Sitabuldi,17,6,65
2023-02-05 18:00:00,6,94,Railway_Station,18,6,93
2023-02-05 19:00:00,1,82,Sitabuldi,19,6,56
2023-02-05 20:00:00,4,66,IT_Park,20,6,74
2023-02-05 21:00:00,6,119,Railway_Station,21,6,44
2023-02-05 22:00:00,2,53,Dharampeth,22,6,38
2023-02-05 23:00:00,3,69,Civi_lines,23,6,45
2023-02-06 00:00:00,1,96,Sitabuldi,0,0,26
2023-02-06 01:00:00,5,140,Sadar,1,0,52
2023-02-06 02:00:00,5,64,Sadar,2,0,38
2023-02-06 03:00:00,4,119,IT_Park,3,0,46
2023-02-06 04:00:00,2,96,Dharampeth,4,0,29
2023-02-06 05:00:00,1,127,Sitabuldi,5,0,34
2023-02-06 06:00:00,2,124,Dharampeth,6,0,25
2023-02-06 07:00:00,1,58,Sitabuldi,7,0,28
2023-02-06 08:00:00,4,139,IT_Park,8,0,70
2023-02-06 09:00:00,4,65,IT_Park,9,0,70
2023-02-06 10:00:00,5,118,Sadar,10,0,82
2023-02-06 11:00:00,2,110,Dharampeth,11,0,37
2023-02-06 12:00:00,6,59,Railway_Station,12,0,50
2023-02-06 13:00:00,5,99,Sadar,13,0,55
2023-02-06 14:00:00,2,52,Dharampeth,14,0,31
2023-02-06 15:00:00,5,126,Sadar,15,0,39
2023-02-06 16:00:00,6,143,Railway_Station,16,0,48
2023-02-06 17:00:00,3,119,Civi_lines,17,0,73
2023-02-06 18:00:00,3,130,Civi_lines,18,0,74
2023-02-06 19:00:00,3,100,Civi_lines,19,0,83
2023-02-06 20:00:00,3,68,Civi_lines,20,0,65
2023-02-06 21:00:00,1,91,Sitabuldi,21,0,21
2023-02-06 22:00:00,3,84,Civi_lines,22,0,28
2023-02-06 23:00:00,6,95,Railway_Station,23,0,40
2023-02-07 00:00:00,4,75,IT_Park,0,1,44
2023-02-07 01:00:00,4,118,IT_Park,1,1,37
2023-02-07 02:00:00,1,142,Sitabuldi,2,1,26
2023-02-07 03:00:00,3,113,Civi_lines,3,1,42
2023-02-07 04:00:00,3,86,Civi_lines,4,1,39
2023-02-07 05:00:00,3,133,Civi_lines,5,1,41
2023-02-07 06:00:00,5,98,Sadar,6,1,48
2023-02-07 07:00:00,2,70,Dharampeth,7,1,33
2023-02-07 08:00:00,5,123,Sadar,8,1,82
2023-02-07 09:00:00,2,113,Dharampeth,9,1,69
2023-02-07 10:00:00,3,54,Civi_lines,10,1,72
2023-02-07 11:00:00,3,149,Civi_lines,11,1,40
2023-02-07 12:00:00,5,119,Sadar,12,1,35
2023-02-07 13:00:00,5,139,Sadar,13,1,45
2023-02-07 14:00:00,2,53,Dharampeth,14,1,34
2023-02-07 15:00:00,4,88,IT_Park,15,1,41
2023-02-07 16:00:00,2,84,Dharampeth,16,1,27
2023-02-07 17:00:00,5,50,Sadar,17,1,94
2023-02-07 18:00:00,6,73,Railway_Station,18,1,85
2023-02-07 19:00:00,5,106,Sadar,19,1,77
2023-02-07 20:00:00,6,149,Railway_Station,20,1,92
2023-02-07 21:00:00,1,119,Sitabuldi,21,1,27
2023-02-07 22:00:00,5,90,Sadar,22,1,36
2023-02-07 23:00:00,1,103,Sitabuldi,23,1,19
2023-02-08 00:00:00,4,95,IT_Park,0,2,46
2023-02-08 01:00:00,2,109,Dharampeth,1,2,25
2023-02-08 02:00:00,6,109,Railway_Station,2,2,41
2023-02-08 03:00:00,2,106,Dharampeth,3,2,23
2023-02-08 04:00:00,1,80,Sitabuldi,4,2,25
2023-02-08 05:00:00,6,133,Railway_Station,5,2,47
2023-02-08 06:00:00,2,73,Dharampeth,6,2,31
2023-02-08 07:00:00,5,138,Sadar,7,2,42
2023-02-08 08:00:00,3,85,Civi_lines,8,2,65
2023-02-08 09:00:00,1,134,Sitabuldi,9,2,64
2023-02-08 10:00:00,2,79,Dharampeth,10,2,57
2023-02-08 11:00:00,1,73,Sitabuldi,11,2,22
2023-02-08 12:00:00,1,79,Sitabuldi,12,2,31
2023-02-08 13:00:00,6,135,Railway_Station,13,2,59
2023-02-08 14:00:00,6,141,Railway_Station,14,2,59
2023-02-08 15:00:00,3,56,Civi_lines,15,2,40
2023-02-08 16:00:00,5,84,Sadar,16,2,48
2023-02-08 17:00:00,1,104,Sitabuldi,17,2,65
2023-02-08 18:00:00,2,141,Dharampeth,18,2,66
2023-02-08 19:00:00,4,63,IT_Park,19,2,85
2023-02-08 20:00:00,1,59,Sitabuldi,20,2,67
2023-02-08 21:00:00,1,129,Sitabuldi,21,2,29
2023-02-08 22:00:00,3,65,Civi_lines,22,2,40
2023-02-08 23:00:00,5,103,Sadar,23,2,55
2023-02-09 00:00:00,4,144,IT_Park,0,3,38
2023-02-09 01:00:00,6,138,Railway_Station,1,3,42
2023-02-09 02:00:00,6,126,Railway_Station,2,3,58
2023-02-09 03:00:00,2,119,Dharampeth,3,3,39
2023-02-09 04:00:00,4,93,IT_Park,4,3,34
2023-02-09 05:00:00,6,122,Railway_Station,5,3,49
2023-02-09 06:00:00,2,94,Dharampeth,6,3,36
2023-02-09 07:00:00,5,149,Sadar,7,3,49
2023-02-09 08:00:00,2,105,Dharampeth,8,3,57
2023-02-09 09:00:00,6,133,Railway_Station,9,3,84
2023-02-09 10:00:00,3,131,Civi_lines,10,3,75
2023-02-09 11:00:00,3,106,Civi_lines,11,3,38
2023-02-09 12:00:00,3,70,Civi_lines,12,3,44
2023-02-09 13:00:00,6,117,Railway_Station,13,3,46
2023-02-09 14:00:00,3,99,Civi_lines,14,3,45
2023-02-09 15:00:00,4,82,IT_Park,15,3,41
2023-02-09 16:00:00,5,140,Sadar,16,3,51
2023-02-09 17:00:00,2,56,Dharampeth,17,3,76
2023-02-09 18:00:00,2,119,Dharampeth,18,3,69
2023-02-09 19:00:00,6,64,Railway_Station,19,3,98
2023-02-09 20:00:00,3,131,Civi_lines,20,3,78
2023-02-09 21:00:00,3,81,Civi_lines,21,3,35
2023-02-09 22:00:00,1,124,Sitabuldi,22,3,16
2023-02-09 23:00:00,5,69,Sadar,23,3,52
2023-02-10 00:00:00,4,137,IT_Park,0,4,36
2023-02-10 01:00:00,2,64,Dharampeth,1,4,31
2023-02-10 02:00:00,1,97,Sitabuldi,2,4,16
2023-02-10 03:00:00,1,120,Sitabuldi,3,4,34
2023-02-10 04:00:00,6,70,Railway_Station,4,4,57
2023-02-10 05:00:00,2,91,Dharampeth,5,4,25
2023-02-10 06:00:00,6,75,Railway_Station,6,4,49
2023-02-10 07:00:00,4,63,IT_Park,7,4,49
2023-02-10 08:00:00,1,106,Sitabuldi,8,4,59
2023-02-10 09:00:00,1,86,Sitabuldi,9,4,49
2023-02-10 10:00:00,5,107,Sadar,10,4,84
2023-02-10 11:00:00,4,70,IT_Park,11,4,32
2023-02-10 12:00:00,1,131,Sitabuldi,12,4,19
2023-02-10 13:00:00,4,118,IT_Park,13,4,37
2023-02-10 14:00:00,2,52,Dharampeth,14,4,27
2023-02-10 15:00:00,3,136,Civi_lines,15,4,32
2023-02-10 16:00:00,1,139,Sitabuldi,16,4,26
2023-02-10 17:00:00,5,86,Sadar,17,4,82
2023-02-10 18:00:00,2,137,Dharampeth,18,4,70
2023-02-10 19:00:00,4,98,IT_Park,19,4,83
2023-02-10 20:00:00,6,68,Railway_Station,20,4,87
2023-02-10 21:00:00,2,138,Dharampeth,21,4,29
2023-02-10 22:00:00,1,134,Sitabuldi,22,4,21
2023-02-10 23:00:00,4,61,IT_Park,23,4,46
2023-02-11 00:00:00,3,110,Civi_lines,0,5,28
2023-02-11 01:00:00,2,90,Dharampeth,1,5,32
2023-02-11 02:00:00,1,82,Sitabuldi,2,5,18
2023-02-11 03:00:00,5,99,Sadar,3,5,39
2023-02-11 04:00:00,6,117,Railway_Station,4,5,43
2023-02-11 05:00:00,4,120,IT_Park,5,5,47
2023-02-11 06:00:00,2,135,Dharampeth,6,5,25
2023-02-11 07:00:00,2,82,Dharampeth,7,5,21
2023-02-11 08:00:00,3,130,Civi_lines,8,5,65
2023-02-11 09:00:00,3,73,Civi_lines,9,5,68
2023-02-11 10:00:00,5,110,Sadar,10,5,69
2023-02-11 11:00:00,6,110,Railway_Station,11,5,45
2023-02-11 12:00:00,5,147,Sadar,12,5,44
2023-02-11 13:00:00,1,77,Sitabuldi,13,5,22
2023-02-11 14:00:00,1,107,Sitabuldi,14,5,28
2023-02-11 15:00:00,5,92,Sadar,15,5,37
2023-02-11 16:00:00,6,90,Railway_Station,16,5,51
2023-02-11 17:00:00,5,88,Sadar,17,5,90
2023-02-11 18:00:00,6,135,Railway_Station,18,5,96
2023-02-11 19:00:00,6,98,Railway_Station,19,5,80
2023-02-11 20:00:00,4,66,IT_Park,20,5,79
2023-02-11 21:00:00,6,147,Railway_Station,21,5,49
2023-02-11 22:00:00,3,119,Civi_lines,22,5,45
2023-02-11 23:00:00,6,119,Railway_Station,23,5,41
2023-02-12 00:00:00,6,147,Railway_Station,0,6,48
2023-02-12 01:00:00,6,114,Railway_Station,1,6,52
2023-02-12 02:00:00,1,123,Sitabuldi,2,6,30
2023-02-12 03:00:00,3,134,Civi_lines,3,6,42
2023-02-12 04:00:00,3,54,Civi_lines,4,6,43
2023-02-12 05:00:00,5,51,Sadar,5,6,46
2023-02-12 06:00:00,4,71,IT_Park,6,6,37
2023-02-12 07:00:00,6,106,Railway_Station,7,6,56
2023-02-12 08:00:00,2,115,Dharampeth,8,6,64
2023-02-12 09:00:00,4,123,IT_Park,9,6,69
2023-02-12 10:00:00,4,147,IT_Park,10,6,74
2023-02-12 11:00:00,3,65,Civi_lines,11,6,39
2023-02-12 12:00:00,4,100,IT_Park,12,6,36
2023-02-12 13:00:00,6,88,Railway_Station,13,6,52
2023-02-12 14:00:00,6,135,Railway_Station,14,6,56
2023-02-12 15:00:00,1,125,Sitabuldi,15,6,23
2023-02-12 16:00:00,6,137,Railway_Station,16,6,47
2023-02-12 17:00:00,6,89,Railway_Station,17,6,99
2023-02-12 18:00:00,3,87,Civi_lines,18,6,85
2023-02-12 19:00:00,6,109,Railway_Station,19,6,97
2023-02-12 20:00:00,1,108,Sitabuldi,20,6,67
2023-02-12 21:00:00,2,59,Dharampeth,21,6,35
2023-02-12 22:00:00,3,148,Civi_lines,22,6,33
2023-02-12 23:00:00,2,113,Dharampeth,23,6,31
2023-02-13 00:00:00,3,112,Civi_lines,0,0,36
2023-02-13 01:00:00,5,98,Sadar,1,0,40
2023-02-13 02:00:00,4,113,IT_Park,2,0,48
2023-02-13 03:00:00,5,81,Sadar,3,0,41
2023-02-13 04:00:00,6,56,Railway_Station,4,0,42
2023-02-13 05:00:00,2,70,Dharampeth,5,0,35
2023-02-13 06:00:00,6,69,Railway_Station,6,0,57
2023-02-13 07:00:00,4,75,IT_Park,7,0,45
2023-02-13 08:00:00,3,117,Civi_lines,8,0,61
2023-02-13 09:00:00,4,135,IT_Park,9,0,63
2023-02-13 10:00:00,1,64,Sitabuldi,10,0,52
2023-02-13 11:00:00,4,134,IT_Park,11,0,42
2023-02-13 12:00:00,1,128,Sitabuldi,12,0,27
2023-02-13 13:00:00,4,135,IT_Park,13,0,46
2023-02-13 14:00:00,1,141,Sitabuldi,14,0,31
2023-02-13 15:00:00,2,63,Dharampeth,15,0,24
2023-02-13 16:00:00,6,76,Railway_Station,16,0,45
2023-02-13 17:00:00,6,89,Railway_Station,17,0,98
2023-02-13 18:00:00,5,107,Sadar,18,0,87
2023-02-13 19:00:00,6,77,Railway_Station,19,0,93
2023-02-13 20:00:00,3,75,Civi_lines,20,0,68
2023-02-13 21:00:00,4,112,IT_Park,21,0,36
2023-02-13 22:00:00,5,115,Sadar,22,0,42
2023-02-13 23:00:00,3,74,Civi_lines,23,0,37
2023-02-14 00:00:00,3,52,Civi_lines,0,1,30
2023-02-14 01:00:00,1,121,Sitabuldi,1,1,20
2023-02-14 02:00:00,6,93,Railway_Station,2,1,60
2023-02-14 03:00:00,2,146,Dharampeth,3,1,22
2023-02-14 04:00:00,2,91,Dharampeth,4,1,22
2023-02-14 05:00:00,5,148,Sadar,5,1,47
2023-02-14 06:00:00,2,55,Dharampeth,6,1,21
2023-02-14 07:00:00,4,88,IT_Park,7,1,45
2023-02-14 08:00:00,2,101,Dharampeth,8,1,55
2023-02-14 09:00:00,5,72,Sadar,9,1,72
2023-02-14 10:00:00,2,138,Dharampeth,10,1,57
2023-02-14 11:00:00,4,99,IT_Park,11,1,35
2023-02-14 12:00:00,1,92,Sitabuldi,12,1,28
2023-02-14 13:00:00,5,68,Sadar,13,1,37
2023-02-14 14:00:00,1,118,Sitabuldi,14,1,24
2023-02-14 15:00:00,1,100,Sitabuldi,15,1,17
2023-02-14 16:00:00,1,60,Sitabuldi,16,1,26
2023-02-14 17:00:00,3,61,Civi_lines,17,1,81
2023-02-14 18:00:00,6,123,Railway_Station,18,1,84
2023-02-14 19:00:00,3,57,Civi_lines,19,1,84
2023-02-14 20:00:00,6,73,Railway_Station,20,1,88
2023-02-14 21:00:00,1,141,Sitabuldi,21,1,35
2023-02-14 22:00:00,5,90,Sadar,22,1,54
2023-02-14 23:00:00,6,85,Railway_Station,23,1,46
2023-02-15 00:00:00,4,150,IT_Park,0,2,33
2023-02-15 01:00:00,4,134,IT_Park,1,2,42
2023-02-15 02:00:00,2,121,Dharampeth,2,2,32
2023-02-15 03:00:00,6,104,Railway_Station,3,2,49
2023-02-15 04:00:00,5,58,Sadar,4,2,52
2023-02-15 05:00:00,3,96,Civi_lines,5,2,41
2023-02-15 06:00:00,1,64,Sitabuldi,6,2,34
2023-02-15 07:00:00,2,97,Dharampeth,7,2,39
2023-02-15 08:00:00,4,131,IT_Park,8,2,72
2023-02-15 09:00:00,3,91,Civi_lines,9,2,71
2023-02-15 10:00:00,3,109,Civi_lines,10,2,58
2023-02-15 11:00:00,1,133,Sitabuldi,11,2,15
2023-02-15 12:00:00,6,119,Railway_Station,12,2,40
2023-02-15 13:00:00,4,61,IT_Park,13,2,44
2023-02-15 14:00:00,5,51,Sadar,14,2,47
2023-02-15 15:00:00,3,56,Civi_lines,15,2,41
2023-02-15 16:00:00,1,129,Sitabuldi,16,2,22
2023-02-15 17:00:00,5,52,Sadar,17,2,92
2023-02-15 18:00:00,6,52,Railway_Station,18,2,92
2023-02-15 19:00:00,4,76,IT_Park,19,2,83
2023-02-15 20:00:00,6,89,Railway_Station,20,2,87
2023-02-15 21:00:00,3,82,Civi_lines,21,2,32
2023-02-15 22:00:00,5,141,Sadar,22,2,49
2023-02-15 23:00:00,5,50,Sadar,23,2,47
2023-02-16 00:00:00,5,57,Sadar,0,3,41
2023-02-16 01:00:00,3,150,Civi_lines,1,3,29
2023-02-16 02:00:00,3,81,Civi_lines,2,3,41
2023-02-16 03:00:00,6,97,Railway_Station,3,3,55
2023-02-16 04:00:00,2,150,Dharampeth,4,3,21
2023-02-16 05:00:00,6,53,Railway_Station,5,3,57
2023-02-16 06:00:00,4,143,IT_Park,6,3,46
2023-02-16 07:00:00,1,119,Sitabuldi,7,3,21
2023-02-16 08:00:00,5,68,Sadar,8,3,77
2023-02-16 09:00:00,2,81,Dharampeth,9,3,67
2023-02-16 10:00:00,1,58,Sitabuldi,10,3,58
2023-02-16 11:00:00,2,61,Dharampeth,11,3,37
2023-02-16 12:00:00,6,60,Railway_Station,12,3,52
2023-02-16 13:00:00,3,95,Civi_lines,13,3,35
2023-02-16 14:00:00,5,65,Sadar,14,3,55
2023-02-16 15:00:00,6,50,Railway_Station,15,3,60
2023-02-16 16:00:00,1,112,Sitabuldi,16,3,30
2023-02-16 17:00:00,1,70,Sitabuldi,17,3,71
2023-02-16 18:00:00,1,79,Sitabuldi,18,3,62
2023-02-16 19:00:00,1,62,Sitabuldi,19,3,73
2023-02-16 20:00:00,1,83,Sitabuldi,20,3,74
2023-02-16 21:00:00,2,53,Dharampeth,21,3,34
2023-02-16 22:00:00,6,77,Railway_Station,22,3,48
2023-02-16 23:00:00,5,144,Sadar,23,3,54
2023-02-17 00:00:00,3,108,Civi_lines,0,4,34
2023-02-17 01:00:00,3,76,Civi_lines,1,4,36
2023-02-17 02:00:00,6,118,Railway_Station,2,4,60
2023-02-17 03:00:00,6,74,Railway_Station,3,4,59
2023-02-17 04:00:00,3,52,Civi_lines,4,4,25
2023-02-17 05:00:00,3,146,Civi_lines,5,4,44
2023-02-17 06:00:00,2,117,Dharampeth,6,4,28
2023-02-17 07:00:00,4,74,IT_Park,7,4,44
2023-02-17 08:00:00,5,69,Sadar,8,4,65
2023-02-17 09:00:00,1,83,Sitabuldi,9,4,56
2023-02-17 10:00:00,4,75,IT_Park,10,4,62
2023-02-17 11:00:00,6,54,Railway_Station,11,4,50
2023-02-17 12:00:00,3,148,Civi_lines,12,4,26
2023-02-17 13:00:00,4,110,IT_Park,13,4,45
2023-02-17 14:00:00,5,141,Sadar,14,4,43
2023-02-17 15:00:00,6,142,Railway_Station,15,4,54
2023-02-17 16:00:00,1,58,Sitabuldi,16,4,26
2023-02-17 17:00:00,1,99,Sitabuldi,17,4,55
2023-02-17 18:00:00,5,55,Sadar,18,4,87
2023-02-17 19:00:00,5,132,Sadar,19,4,88
2023-02-17 20:00:00,3,109,Civi_lines,20,4,72
2023-02-17 21:00:00,1,93,Sitabuldi,21,4,22
2023-02-17 22:00:00,6,60,Railway_Station,22,4,51
2023-02-17 23:00:00,4,115,IT_Park,23,4,30
2023-02-18 00:00:00,6,96,Railway_Station,0,5,50
2023-02-18 01:00:00,2,122,Dharampeth,1,5,27
2023-02-18 02:00:00,2,134,Dharampeth,2,5,29
2023-02-18 03:00:00,5,137,Sadar,3,5,53
2023-02-18 04:00:00,3,147,Civi_lines,4,5,35
2023-02-18 05:00:00,2,135,Dharampeth,5,5,26
2023-02-18 06:00:00,1,52,Sitabuldi,6,5,25
2023-02-18 07:00:00,6,125,Railway_Station,7,5,56
2023-02-18 08:00:00,6,141,Railway_Station,8,5,70
2023-02-18 09:00:00,5,79,Sadar,9,5,85
2023-02-18 10:00:00,4,139,IT_Park,10,5,80
2023-02-18 11:00:00,5,70,Sadar,11,5,42
2023-02-18 12:00:00,4,77,IT_Park,12,5,35
2023-02-18 13:00:00,5,139,Sadar,13,5,52
2023-02-18 14:00:00,5,111,Sadar,14,5,40
2023-02-18 15:00:00,5,82,Sadar,15,5,39
2023-02-18 16:00:00,4,134,IT_Park,16,5,42
2023-02-18 17:00:00,4,84,IT_Park,17,5,88
2023-02-18 18:00:00,5,101,Sadar,18,5,82
2023-02-18 19:00:00,2,83,Dharampeth,19,5,68
2023-02-18 20:00:00,3,90,Civi_lines,20,5,81
2023-02-18 21:00:00,3,100,Civi_lines,21,5,27
2023-02-18 22:00:00,3,96,Civi_lines,22,5,43
2023-02-18 23:00:00,4,131,IT_Park,23,5,40
2023-02-19 00:00:00,4,107,IT_Park,0,6,46
2023-02-19 01:00:00,2,124,Dharampeth,1,6,40
2023-02-19 02:00:00,3,106,Civi_lines,2,6,43
2023-02-19 03:00:00,3,72,Civi_lines,3,6,26
2023-02-19 04:00:00,5,97,Sadar,4,6,42
2023-02-19 05:00:00,4,71,IT_Park,5,6,48
2023-02-19 06:00:00,3,66,Civi_lines,6,6,31
2023-02-19 07:00:00,6,118,Railway_Station,7,6,56
2023-02-19 08:00:00,2,60,Dharampeth,8,6,55
2023-02-19 09:00:00,6,143,Railway_Station,9,6,88
2023-02-19 10:00:00,6,64,Railway_Station,10,6,75
2023-02-19 11:00:00,2,140,Dharampeth,11,6,21
2023-02-19 12:00:00,6,84,Railway_Station,12,6,45
2023-02-19 13:00:00,3,82,Civi_lines,13,6,29
2023-02-19 14:00:00,4,133,IT_Park,14,6,48
2023-02-19 15:00:00,2,65,Dharampeth,15,6,39
2023-02-19 16:00:00,5,83,Sadar,16,6,38
2023-02-19 17:00:00,6,115,Railway_Station,17,6,96
2023-02-19 18:00:00,2,148,Dharampeth,18,6,70
2023-02-19 19:00:00,1,89,Sitabuldi,19,6,58
2023-02-19 20:00:00,1,77,Sitabuldi,20,6,67
2023-02-19 21:00:00,4,96,IT_Park,21,6,49
2023-02-19 22:00:00,3,88,Civi_lines,22,6,41
2023-02-19 23:00:00,4,119,IT_Park,23,6,38
2023-02-20 00:00:00,4,122,IT_Park,0,0,33
2023-02-20 01:00:00,4,69,IT_Park,1,0,43
2023-02-20 02:00:00,4,50,IT_Park,2,0,48
2023-02-20 03:00:00,5,121,Sadar,3,0,37
2023-02-20 04:00:00,5,136,Sadar,4,0,48
2023-02-20 05:00:00,2,112,Dharampeth,5,0,27
2023-02-20 06:00:00,1,116,Sitabuldi,6,0,15
2023-02-20 07:00:00,4,53,IT_Park,7,0,39
2023-02-20 08:00:00,2,107,Dharampeth,8,0,67
2023-02-20 09:00:00,1,74,Sitabuldi,9,0,60
2023-02-20 10:00:00,6,96,Railway_Station,10,0,77
2023-02-20 11:00:00,3,87,Civi_lines,11,0,25
2023-02-20 12:00:00,5,64,Sadar,12,0,46
2023-02-20 13:00:00,6,112,Railway_Station,13,0,47
2023-02-20 14:00:00,1,70,Sitabuldi,14,0,30
2023-02-20 15:00:00,6,148,Railway_Station,15,0,57
2023-02-20 16:00:00,3,106,Civi_lines,16,0,28
2023-02-20 17:00:00,1,102,Sitabuldi,17,0,60
2023-02-20 18:00:00,6,95,Railway_Station,18,0,91
2023-02-20 19:00:00,5,63,Sadar,19,0,83
2023-02-20 20:00:00,5,149,Sadar,20,0,89
2023-02-20 21:00:00,2,125,Dharampeth,21,0,35
2023-02-20 22:00:00,6,66,Railway_Station,22,0,51
2023-02-20 23:00:00,4,88,IT_Park,23,0,43
2023-02-21 00:00:00,6,58,Railway_Station,0,1,52
2023-02-21 01:00:00,1,148,Sitabuldi,1,1,16
2023-02-21 02:00:00,1,126,Sitabuldi,2,1,17
2023-02-21 03:00:00,6,128,Railway_Station,3,1,49
2023-02-21 04:00:00,3,131,Civi_lines,4,1,33
2023-02-21 05:00:00,5,146,Sadar,5,1,54
2023-02-21 06:00:00,1,55,Sitabuldi,6,1,22
2023-02-21 07:00:00,5,140,Sadar,7,1,44
2023-02-21 08:00:00,1,72,Sitabuldi,8,1,63
2023-02-21 09:00:00,2,108,Dharampeth,9,1,52
2023-02-21 10:00:00,4,140,IT_Park,10,1,64
2023-02-21 11:00:00,1,147,Sitabuldi,11,1,17
2023-02-21 12:00:00,5,95,Sadar,12,1,50
2023-02-21 13:00:00,2,87,Dharampeth,13,1,36
2023-02-21 14:00:00,1,63,Sitabuldi,14,1,29
2023-02-21 15:00:00,3,149,Civi_lines,15,1,27
2023-02-21 16:00:00,4,121,IT_Park,16,1,41
2023-02-21 17:00:00,1,111,Sitabuldi,17,1,63
2023-02-21 18:00:00,2,84,Dharampeth,18,1,80
2023-02-21 19:00:00,3,68,Civi_lines,19,1,76
2023-02-21 20:00:00,6,79,Railway_Station,20,1,94
2023-02-21 21:00:00,2,127,Dharampeth,21,1,21
2023-02-21 22:00:00,2,133,Dharampeth,22,1,37
2023-02-21 23:00:00,3,74,Civi_lines,23,1,44
2023-02-22 00:00:00,2,89,Dharampeth,0,2,31
2023-02-22 01:00:00,3,137,Civi_lines,1,2,28
2023-02-22 02:00:00,1,63,Sitabuldi,2,2,30
2023-02-22 03:00:00,3,75,Civi_lines,3,2,40
2023-02-22 04:00:00,3,136,Civi_lines,4,2,25
2023-02-22 05:00:00,4,71,IT_Park,5,2,31
2023-02-22 06:00:00,3,97,Civi_lines,6,2,27
2023-02-22 07:00:00,3,132,Civi_lines,7,2,45
2023-02-22 08:00:00,6,100,Railway_Station,8,2,89
2023-02-22 09:00:00,1,52,Sitabuldi,9,2,61
2023-02-22 10:00:00,4,91,IT_Park,10,2,79
2023-02-22 11:00:00,6,68,Railway_Station,11,2,60
2023-02-22 12:00:00,5,122,Sadar,12,2,35
2023-02-22 13:00:00,1,77,Sitabuldi,13,2,34
2023-02-22 14:00:00,1,133,Sitabuldi,14,2,20
2023-02-22 15:00:00,5,94,Sadar,15,2,49
2023-02-22 16:00:00,3,120,Civi_lines,16,2,38
2023-02-22 17:00:00,6,127,Railway_Station,17,2,99
2023-02-22 18:00:00,2,112,Dharampeth,18,2,74
2023-02-22 19:00:00,4,122,IT_Park,19,2,83
2023-02-22 20:00:00,2,68,Dharampeth,20,2,80
2023-02-22 21:00:00,5,96,Sadar,21,2,39
2023-02-22 22:00:00,1,63,Sitabuldi,22,2,20
2023-02-22 23:00:00,1,87,Sitabuldi,23,2,31
2023-02-23 00:00:00,4,102,IT_Park,0,3,40
2023-02-23 01:00:00,1,110,Sitabuldi,1,3,30
2023-02-23 02:00:00,1,85,Sitabuldi,2,3,26
2023-02-23 03:00:00,4,89,IT_Park,3,3,44
2023-02-23 04:00:00,6,130,Railway_Station,4,3,43
2023-02-23 05:00:00,6,79,Railway_Station,5,3,57
2023-02-23 06:00:00,4,58,IT_Park,6,3,50
2023-02-23 07:00:00,5,113,Sadar,7,3,37
2023-02-23 08:00:00,1,82,Sitabuldi,8,3,52
2023-02-23 09:00:00,1,101,Sitabuldi,9,3,47
2023-02-23 10:00:00,5,138,Sadar,10,3,72
2023-02-23 11:00:00,6,63,Railway_Station,11,3,57
2023-02-23 12:00:00,3,124,Civi_lines,12,3,34
2023-02-23 13:00:00,3,102,Civi_lines,13,3,44
2023-02-23 14:00:00,3,148,Civi_lines,14,3,41
2023-02-23 15:00:00,6,108,Railway_Station,15,3,47
2023-02-23 16:00:00,6,127,Railway_Station,16,3,50
2023-02-23 17:00:00,5,143,Sadar,17,3,79
2023-02-23 18:00:00,1,90,Sitabuldi,18,3,67
2023-02-23 19:00:00,5,117,Sadar,19,3,95
2023-02-23 20:00:00,5,117,Sadar,20,3,79
2023-02-23 21:00:00,6,141,Railway_Station,21,3,52
2023-02-23 22:00:00,3,57,Civi_lines,22,3,30
2023-02-23 23:00:00,2,51,Dharampeth,23,3,24
2023-02-24 00:00:00,1,135,Sitabuldi,0,4,23
2023-02-24 01:00:00,6,90,Railway_Station,1,4,55
2023-02-24 02:00:00,3,104,Civi_lines,2,4,26
2023-02-24 03:00:00,2,65,Dharampeth,3,4,20
2023-02-24 04:00:00,2,142,Dharampeth,4,4,27
2023-02-24 05:00:00,6,111,Railway_Station,5,4,58
2023-02-24 06:00:00,4,97,IT_Park,6,4,40
2023-02-24 07:00:00,1,79,Sitabuldi,7,4,26
2023-02-24 08:00:00,2,61,Dharampeth,8,4,61
2023-02-24 09:00:00,6,84,Railway_Station,9,4,76
2023-02-24 10:00:00,6,60,Railway_Station,10,4,82
2023-02-24 11:00:00,3,113,Civi_lines,11,4,32
2023-02-24 12:00:00,4,99,IT_Park,12,4,38
2023-02-24 13:00:00,1,134,Sitabuldi,13,4,21
2023-02-24 14:00:00,5,70,Sadar,14,4,55
2023-02-24 15:00:00,3,118,Civi_lines,15,4,39
2023-02-24 16:00:00,2,97,Dharampeth,16,4,21
2023-02-24 17:00:00,2,69,Dharampeth,17,4,79
2023-02-24 18:00:00,3,150,Civi_lines,18,4,76
2023-02-24 19:00:00,6,116,Railway_Station,19,4,80
2023-02-24 20:00:00,2,93,Dharampeth,20,4,67
2023-02-24 21:00:00,4,82,IT_Park,21,4,34
2023-02-24 22:00:00,1,122,Sitabuldi,22,4,29
2023-02-24 23:00:00,4,110,IT_Park,23,4,30
2023-02-25 00:00:00,2,58,Dharampeth,0,5,20
2023-02-25 01:00:00,5,117,Sadar,1,5,44
2023-02-25 02:00:00,1,84,Sitabuldi,2,5,24
2023-02-25 03:00:00,1,130,Sitabuldi,3,5,35
2023-02-25 04:00:00,3,147,Civi_lines,4,5,39
2023-02-25 05:00:00,3,137,Civi_lines,5,5,41
2023-02-25 06:00:00,5,145,Sadar,6,5,40
2023-02-25 07:00:00,6,114,Railway_Station,7,5,42
2023-02-25 08:00:00,1,57,Sitabuldi,8,5,57
2023-02-25 09:00:00,5,94,Sadar,9,5,80
2023-02-25 10:00:00,3,136,Civi_lines,10,5,62
2023-02-25 11:00:00,3,96,Civi_lines,11,5,39
2023-02-25 12:00:00,1,89,Sitabuldi,12,5,31
2023-02-25 13:00:00,4,125,IT_Park,13,5,46
2023-02-25 14:00:00,2,103,Dharampeth,14,5,32
2023-02-25 15:00:00,3,125,Civi_lines,15,5,41
2023-02-25 16:00:00,6,95,Railway_Station,16,5,45
2023-02-25 17:00:00,6,96,Railway_Station,17,5,96
2023-02-25 18:00:00,3,64,Civi_lines,18,5,80
2023-02-25 19:00:00,4,68,IT_Park,19,5,83
2023-02-25 20:00:00,4,75,IT_Park,20,5,82
2023-02-25 21:00:00,5,101,Sadar,21,5,40
2023-02-25 22:00:00,6,142,Railway_Station,22,5,42
2023-02-25 23:00:00,5,71,Sadar,23,5,48
2023-02-26 00:00:00,6,70,Railway_Station,0,6,53
2023-02-26 01:00:00,2,100,Dharampeth,1,6,34
2023-02-26 02:00:00,2,87,Dharampeth,2,6,27
2023-02-26 03:00:00,1,69,Sitabuldi,3,6,29
2023-02-26 04:00:00,5,78,Sadar,4,6,47
2023-02-26 05:00:00,3,100,Civi_lines,5,6,41
2023-02-26 06:00:00,5,53,Sadar,6,6,55
2023-02-26 07:00:00,3,104,Civi_lines,7,6,27
2023-02-26 08:00:00,4,120,IT_Park,8,6,65
2023-02-26 09:00:00,5,141,Sadar,9,6,69
2023-02-26 10:00:00,4,77,IT_Park,10,6,76
2023-02-26 11:00:00,2,53,Dharampeth,11,6,21
2023-02-26 12:00:00,2,71,Dharampeth,12,6,34
2023-02-26 13:00:00,1,125,Sitabuldi,13,6,19
2023-02-26 14:00:00,5,94,Sadar,14,6,54
2023-02-26 15:00:00,4,116,IT_Park,15,6,35
2023-02-26 16:00:00,3,135,Civi_lines,16,6,30
2023-02-26 17:00:00,2,115,Dharampeth,17,6,77
2023-02-26 18:00:00,2,137,Dharampeth,18,6,77
2023-02-26 19:00:00,3,83,Civi_lines,19,6,68
2023-02-26 20:00:00,4,140,IT_Park,20,6,86
2023-02-26 21:00:00,4,104,IT_Park,21,6,43
2023-02-26 22:00:00,5,50,Sadar,22,6,48
2023-02-26 23:00:00,5,121,Sadar,23,6,47
2023-02-27 00:00:00,6,136,Railway_Station,0,0,46
2023-02-27 01:00:00,6,87,Railway_Station,1,0,51
2023-02-27 02:00:00,1,55,Sitabuldi,2,0,29
2023-02-27 03:00:00,2,135,Dharampeth,3,0,38
2023-02-27 04:00:00,5,74,Sadar,4,0,45
2023-02-27 05:00:00,4,131,IT_Park,5,0,44
2023-02-27 06:00:00,3,66,Civi_lines,6,0,36
2023-02-27 07:00:00,4,110,IT_Park,7,0,32
2023-02-27 08:00:00,2,61,Dharampeth,8,0,66
2023-02-27 09:00:00,6,55,Railway_Station,9,0,72
2023-02-27 10:00:00,4,139,IT_Park,10,0,78
2023-02-27 11:00:00,1,76,Sitabuldi,11,0,34
2023-02-27 12:00:00,2,57,Dharampeth,12,0,23
2023-02-27 13:00:00,6,132,Railway_Station,13,0,42
2023-02-27 14:00:00,3,114,Civi_lines,14,0,40
2023-02-27 15:00:00,6,106,Railway_Station,15,0,51
2023-02-27 16:00:00,1,142,Sitabuldi,16,0,22
2023-02-27 17:00:00,2,148,Dharampeth,17,0,76
2023-02-27 18:00:00,3,89,Civi_lines,18,0,71
2023-02-27 19:00:00,1,63,Sitabuldi,19,0,65
2023-02-27 20:00:00,6,84,Railway_Station,20,0,97
2023-02-27 21:00:00,1,97,Sitabuldi,21,0,15
2023-02-27 22:00:00,2,133,Dharampeth,22,0,22
2023-02-27 23:00:00,5,105,Sadar,23,0,38
2023-02-28 00:00:00,1,98,Sitabuldi,0,1,27
2023-02-28 01:00:00,1,62,Sitabuldi,1,1,20
2023-02-28 02:00:00,6,110,Railway_Station,2,1,53
2023-02-28 03:00:00,6,98,Railway_Station,3,1,44
2023-02-28 04:00:00,3,95,Civi_lines,4,1,40
2023-02-28 05:00:00,6,111,Railway_Station,5,1,54
2023-02-28 06:00:00,4,57,IT_Park,6,1,44
2023-02-28 07:00:00,2,92,Dharampeth,7,1,23
2023-02-28 08:00:00,2,69,Dharampeth,8,1,57
2023-02-28 09:00:00,5,146,Sadar,9,1,80
2023-02-28 10:00:00,5,139,Sadar,10,1,80
2023-02-28 11:00:00,2,88,Dharampeth,11,1,23
2023-02-28 12:00:00,5,134,Sadar,12,1,47
2023-02-28 13:00:00,3,98,Civi_lines,13,1,37
2023-02-28 14:00:00,6,113,Railway_Station,14,1,41
2023-02-28 15:00:00,2,111,Dharampeth,15,1,22
2023-02-28 16:00:00,5,103,Sadar,16,1,42
2023-02-28 17:00:00,2,58,Dharampeth,17,1,74
2023-02-28 18:00:00,4,137,IT_Park,18,1,80
2023-02-28 19:00:00,1,86,Sitabuldi,19,1,63
2023-02-28 20:00:00,6,98,Railway_Station,20,1,86
2023-02-28 21:00:00,2,90,Dharampeth,21,1,32
2023-02-28 22:00:00,1,66,Sitabuldi,22,1,16
2023-02-28 23:00:00,5,137,Sadar,23,1,42
2023-03-01 00:00:00,1,70,Sitabuldi,0,2,21
2023-03-01 01:00:00,6,100,Railway_Station,1,2,51
2023-03-01 02:00:00,2,108,Dharampeth,2,2,38
2023-03-01 03:00:00,4,88,IT_Park,3,2,36
2023-03-01 04:00:00,5,104,Sadar,4,2,44
2023-03-01 05:00:00,2,90,Dharampeth,5,2,35
2023-03-01 06:00:00,6,88,Railway_Station,6,2,42
2023-03-01 07:00:00,5,62,Sadar,7,2,44
2023-03-01 08:00:00,3,113,Civi_lines,8,2,60
2023-03-01 09:00:00,1,60,Sitabuldi,9,2,62
2023-03-01 10:00:00,6,68,Railway_Station,10,2,87
2023-03-01 11:00:00,3,60,Civi_lines,11,2,29
2023-03-01 12:00:00,2,126,Dharampeth,12,2,40
2023-03-01 13:00:00,4,95,IT_Park,13,2,36
2023-03-01 14:00:00,5,94,Sadar,14,2,36
2023-03-01 15:00:00,1,50,Sitabuldi,15,2,25
2023-03-01 16:00:00,5,89,Sadar,16,2,47
2023-03-01 17:00:00,2,68,Dharampeth,17,2,64
2023-03-01 18:00:00,5,125,Sadar,18,2,80
2023-03-01 19:00:00,1,121,Sitabuldi,19,2,68
2023-03-01 20:00:00,2,121,Dharampeth,20,2,71
2023-03-01 21:00:00,5,110,Sadar,21,2,38
2023-03-01 22:00:00,4,61,IT_Park,22,2,35
2023-03-01 23:00:00,6,110,Railway_Station,23,2,49
2023-03-02 00:00:00,2,82,Dharampeth,0,3,37
2023-03-02 01:00:00,6,94,Railway_Station,1,3,54
2023-03-02 02:00:00,2,139,Dharampeth,2,3,27
2023-03-02 03:00:00,4,141,IT_Park,3,3,38
2023-03-02 04:00:00,6,118,Railway_Station,4,3,44
2023-03-02 05:00:00,3,57,Civi_lines,5,3,34
2023-03-02 06:00:00,1,74,Sitabuldi,6,3,34
2023-03-02 07:00:00,3,140,Civi_lines,7,3,30
2023-03-02 08:00:00,5,95,Sadar,8,3,80
2023-03-02 09:00:00,4,136,IT_Park,9,3,62
2023-03-02 10:00:00,3,79,Civi_lines,10,3,64
2023-03-02 11:00:00,2,96,Dharampeth,11,3,30
2023-03-02 12:00:00,5,136,Sadar,12,3,45
2023-03-02 13:00:00,5,98,Sadar,13,3,51
2023-03-02 14:00:00,3,96,Civi_lines,14,3,28
2023-03-02 15:00:00,3,133,Civi_lines,15,3,28
2023-03-02 16:00:00,4,131,IT_Park,16,3,46
2023-03-02 17:00:00,1,67,Sitabuldi,17,3,63
2023-03-02 18:00:00,3,115,Civi_lines,18,3,83
2023-03-02 19:00:00,3,117,Civi_lines,19,3,69
2023-03-02 20:00:00,6,143,Railway_Station,20,3,85
2023-03-02 21:00:00,2,82,Dharampeth,21,3,22
2023-03-02 22:00:00,6,85,Railway_Station,22,3,40
2023-03-02 23:00:00,6,131,Railway_Station,23,3,59
2023-03-03 00:00:00,5,150,Sadar,0,4,50
2023-03-03 01:00:00,1,68,Sitabuldi,1,4,25
2023-03-03 02:00:00,2,77,Dharampeth,2,4,32
2023-03-03 03:00:00,4,89,IT_Park,3,4,39
2023-03-03 04:00:00,4,133,IT_Park,4,4,32
2023-03-03 05:00:00,3,146,Civi_lines,5,4,33
2023-03-03 06:00:00,3,125,Civi_lines,6,4,36
2023-03-03 07:00:00,4,64,IT_Park,7,4,43
2023-03-03 08:00:00,3,90,Civi_lines,8,4,55
2023-03-03 09:00:00,1,88,Sitabuldi,9,4,62
2023-03-03 10:00:00,6,51,Railway_Station,10,4,86
2023-03-03 11:00:00,3,112,Civi_lines,11,4,33
2023-03-03 12:00:00,5,78,Sadar,12,4,43
2023-03-03 13:00:00,3,123,Civi_lines,13,4,34
2023-03-03 14:00:00,2,115,Dharampeth,14,4,38
2023-03-03 15:00:00,1,100,Sitabuldi,15,4,29
2023-03-03 16:00:00,2,124,Dharampeth,16,4,24
2023-03-03 17:00:00,2,126,Dharampeth,17,4,74
2023-03-03 18:00:00,5,59,Sadar,18,4,94
2023-03-03 19:00:00,1,63,Sitabuldi,19,4,56
2023-03-03 20:00:00,1,131,Sitabuldi,20,4,67
2023-03-03 21:00:00,1,100,Sitabuldi,21,4,30
2023-03-03 22:00:00,1,122,Sitabuldi,22,4,29
2023-03-03 23:00:00,1,88,Sitabuldi,23,4,24
2023-03-04 00:00:00,5,77,Sadar,0,5,48
2023-03-04 01:00:00,3,52,Civi_lines,1,5,34
2023-03-04 02:00:00,2,133,Dharampeth,2,5,33
2023-03-04 03:00:00,1,119,Sitabuldi,3,5,23
2023-03-04 04:00:00,3,76,Civi_lines,4,5,38
2023-03-04 05:00:00,3,51,Civi_lines,5,5,27
2023-03-04 06:00:00,2,142,Dharampeth,6,5,39
2023-03-04 07:00:00,5,87,Sadar,7,5,50
2023-03-04 08:00:00,4,52,IT_Park,8,5,61
2023-03-04 09:00:00,4,65,IT_Park,9,5,69
2023-03-04 10:00:00,3,143,Civi_lines,10,5,57
2023-03-04 11:00:00,6,89,Railway_Station,11,5,50
2023-03-04 12:00:00,6,51,Railway_Station,12,5,50
2023-03-04 13:00:00,2,130,Dharampeth,13,5,40
2023-03-04 14:00:00,4,90,IT_Park,14,5,50
2023-03-04 15:00:00,3,61,Civi_lines,15,5,37
2023-03-04 16:00:00,5,84,Sadar,16,5,41
2023-03-04 17:00:00,4,114,IT_Park,17,5,86
2023-03-04 18:00:00,3,104,Civi_lines,18,5,66
2023-03-04 19:00:00,3,94,Civi_lines,19,5,76
2023-03-04 20:00:00,1,128,Sitabuldi,20,5,64
2023-03-04 21:00:00,5,139,Sadar,21,5,52
2023-03-04 22:00:00,1,150,Sitabuldi,22,5,25
2023-03-04 23:00:00,2,134,Dharampeth,23,5,35
2023-03-05 00:00:00,1,111,Sitabuldi,0,6,31
2023-03-05 01:00:00,1,98,Sitabuldi,1,6,33
2023-03-05 02:00:00,4,144,IT_Park,2,6,47
2023-03-05 03:00:00,6,74,Railway_Station,3,6,42
2023-03-05 04:00:00,3,72,Civi_lines,4,6,45
2023-03-05 05:00:00,5,73,Sadar,5,6,50
2023-03-05 06:00:00,1,87,Sitabuldi,6,6,20
2023-03-05 07:00:00,5,77,Sadar,7,6,46
2023-03-05 08:00:00,6,70,Railway_Station,8,6,80
2023-03-05 09:00:00,6,103,Railway_Station,9,6,84
2023-03-05 10:00:00,1,67,Sitabuldi,10,6,59
2023-03-05 11:00:00,2,85,Dharampeth,11,6,35
2023-03-05 12:00:00,1,148,Sitabuldi,12,6,24
2023-03-05 13:00:00,4,94,IT_Park,13,6,41
2023-03-05 14:00:00,3,122,Civi_lines,14,6,37
2023-03-05 15:00:00,2,102,Dharampeth,15,6,23
2023-03-05 16:00:00,1,79,Sitabuldi,16,6,21
2023-03-05 17:00:00,5,109,Sadar,17,6,76
2023-03-05 18:00:00,2,147,Dharampeth,18,6,74
2023-03-05 19:00:00,2,81,Dharampeth,19,6,67
2023-03-05 20:00:00,1,116,Sitabuldi,20,6,61
2023-03-05 21:00:00,2,116,Dharampeth,21,6,34
2023-03-05 22:00:00,5,77,Sadar,22,6,48
2023-03-05 23:00:00,6,93,Railway_Station,23,6,47
2023-03-06 00:00:00,2,128,Dharampeth,0,0,31
2023-03-06 01:00:00,6,90,Railway_Station,1,0,52
2023-03-06 02:00:00,5,112,Sadar,2,0,45
2023-03-06 03:00:00,1,72,Sitabuldi,3,0,31
2023-03-06 04:00:00,3,124,Civi_lines,4,0,41
2023-03-06 05:00:00,2,97,Dharampeth,5,0,23
2023-03-06 06:00:00,3,81,Civi_lines,6,0,45
2023-03-06 07:00:00,5,106,Sadar,7,0,42
2023-03-06 08:00:00,2,149,Dharampeth,8,0,54
2023-03-06 09:00:00,6,82,Railway_Station,9,0,85
2023-03-06 10:00:00,4,73,IT_Park,10,0,63
2023-03-06 11:00:00,3,88,Civi_lines,11,0,39
2023-03-06 12:00:00,2,83,Dharampeth,12,0,31
2023-03-06 13:00:00,3,105,Civi_lines,13,0,29
2023-03-06 14:00:00,2,77,Dharampeth,14,0,35
2023-03-06 15:00:00,1,86,Sitabuldi,15,0,28
2023-03-06 16:00:00,6,56,Railway_Station,16,0,49
2023-03-06 17:00:00,3,117,Civi_lines,17,0,71
2023-03-06 18:00:00,4,86,IT_Park,18,0,82
2023-03-06 19:00:00,4,105,IT_Park,19,0,89
2023-03-06 20:00:00,5,114,Sadar,20,0,79
2023-03-06 21:00:00,2,114,Dharampeth,21,0,22
2023-03-06 22:00:00,3,96,Civi_lines,22,0,39
2023-03-06 23:00:00,5,69,Sadar,23,0,38
2023-03-07 00:00:00,3,68,Civi_lines,0,1,39
2023-03-07 01:00:00,2,78,Dharampeth,1,1,33
2023-03-07 02:00:00,4,123,IT_Park,2,1,49
2023-03-07 03:00:00,1,109,Sitabuldi,3,1,33
2023-03-07 04:00:00,4,67,IT_Park,4,1,42
2023-03-07 05:00:00,5,141,Sadar,5,1,44
2023-03-07 06:00:00,6,84,Railway_Station,6,1,60
2023-03-07 07:00:00,1,92,Sitabuldi,7,1,19
2023-03-07 08:00:00,5,144,Sadar,8,1,84
2023-03-07 09:00:00,2,140,Dharampeth,9,1,69
2023-03-07 10:00:00,1,60,Sitabuldi,10,1,50
2023-03-07 11:00:00,5,98,Sadar,11,1,38
2023-03-07 12:00:00,2,87,Dharampeth,12,1,21
2023-03-07 13:00:00,4,113,IT_Park,13,1,45
2023-03-07 14:00:00,6,118,Railway_Station,14,1,57
2023-03-07 15:00:00,2,57,Dharampeth,15,1,24
2023-03-07 16:00:00,3,83,Civi_lines,16,1,28
2023-03-07 17:00:00,2,97,Dharampeth,17,1,72
2023-03-07 18:00:00,2,105,Dharampeth,18,1,78
2023-03-07 19:00:00,6,125,Railway_Station,19,1,81
2023-03-07 20:00:00,3,114,Civi_lines,20,1,77
2023-03-07 21:00:00,5,80,Sadar,21,1,45
2023-03-07 22:00:00,5,53,Sadar,22,1,38
2023-03-07 23:00:00,2,99,Dharampeth,23,1,39
2023-03-08 00:00:00,3,118,Civi_lines,0,2,44
2023-03-08 01:00:00,3,79,Civi_lines,1,2,39
2023-03-08 02:00:00,6,137,Railway_Station,2,2,43
2023-03-08 03:00:00,4,108,IT_Park,3,2,38
2023-03-08 04:00:00,5,116,Sadar,4,2,41
2023-03-08 05:00:00,6,124,Railway_Station,5,2,58
2023-03-08 06:00:00,1,94,Sitabuldi,6,2,33
2023-03-08 07:00:00,5,53,Sadar,7,2,40
2023-03-08 08:00:00,6,75,Railway_Station,8,2,75
2023-03-08 09:00:00,5,76,Sadar,9,2,84
2023-03-08 10:00:00,4,95,IT_Park,10,2,74
2023-03-08 11:00:00,1,113,Sitabuldi,11,2,29
2023-03-08 12:00:00,4,140,IT_Park,12,2,49
2023-03-08 13:00:00,1,100,Sitabuldi,13,2,23
2023-03-08 14:00:00,2,99,Dharampeth,14,2,23
2023-03-08 15:00:00,6,55,Railway_Station,15,2,57
2023-03-08 16:00:00,1,108,Sitabuldi,16,2,32
2023-03-08 17:00:00,4,64,IT_Park,17,2,74
2023-03-08 18:00:00,5,79,Sadar,18,2,94
2023-03-08 19:00:00,1,91,Sitabuldi,19,2,65
2023-03-08 20:00:00,6,150,Railway_Station,20,2,84
2023-03-08 21:00:00,1,86,Sitabuldi,21,2,18
2023-03-08 22:00:00,3,91,Civi_lines,22,2,36
2023-03-08 23:00:00,5,150,Sadar,23,2,36
2023-03-09 00:00:00,6,84,Railway_Station,0,3,52
2023-03-09 01:00:00,6,136,Railway_Station,1,3,49
2023-03-09 02:00:00,2,55,Dharampeth,2,3,28
2023-03-09 03:00:00,4,117,IT_Park,3,3,39
2023-03-09 04:00:00,2,67,Dharampeth,4,3,26
2023-03-09 05:00:00,6,122,Railway_Station,5,3,43
2023-03-09 06:00:00,5,78,Sadar,6,3,53
2023-03-09 07:00:00,1,126,Sitabuldi,7,3,24
2023-03-09 08:00:00,1,108,Sitabuldi,8,3,47
2023-03-09 09:00:00,5,96,Sadar,9,3,85
2023-03-09 10:00:00,6,66,Railway_Station,10,3,88
2023-03-09 11:00:00,1,145,Sitabuldi,11,3,35
2023-03-09 12:00:00,1,71,Sitabuldi,12,3,16
2023-03-09 13:00:00,1,117,Sitabuldi,13,3,34
2023-03-09 14:00:00,4,118,IT_Park,14,3,39
2023-03-09 15:00:00,4,86,IT_Park,15,3,31
2023-03-09 16:00:00,3,98,Civi_lines,16,3,26
2023-03-09 17:00:00,2,62,Dharampeth,17,3,76
2023-03-09 18:00:00,5,83,Sadar,18,3,90
2023-03-09 19:00:00,5,135,Sadar,19,3,90
2023-03-09 20:00:00,5,102,Sadar,20,3,88
2023-03-09 21:00:00,3,136,Civi_lines,21,3,31
2023-03-09 22:00:00,4,100,IT_Park,22,3,50
2023-03-09 23:00:00,6,52,Railway_Station,23,3,50
2023-03-10 00:00:00,6,91,Railway_Station,0,4,40
2023-03-10 01:00:00,3,147,Civi_lines,1,4,35
2023-03-10 02:00:00,6,81,Railway_Station,2,4,60
2023-03-10 03:00:00,5,100,Sadar,3,4,38
2023-03-10 04:00:00,2,134,Dharampeth,4,4,26
2023-03-10 05:00:00,1,95,Sitabuldi,5,4,29
2023-03-10 06:00:00,4,70,IT_Park,6,4,47
2023-03-10 07:00:00,4,93,IT_Park,7,4,41
2023-03-10 08:00:00,3,60,Civi_lines,8,4,71
2023-03-10 09:00:00,4,117,IT_Park,9,4,60
2023-03-10 10:00:00,5,50,Sadar,10,4,75
2023-03-10 11:00:00,6,141,Railway_Station,11,4,40
2023-03-10 12:00:00,5,112,Sadar,12,4,49
2023-03-10 13:00:00,3,73,Civi_lines,13,4,45
2023-03-10 14:00:00,5,148,Sadar,14,4,44
2023-03-10 15:00:00,6,62,Railway_Station,15,4,46
2023-03-10 16:00:00,2,147,Dharampeth,16,4,21
2023-03-10 17:00:00,3,60,Civi_lines,17,4,74
2023-03-10 18:00:00,2,149,Dharampeth,18,4,63
2023-03-10 19:00:00,1,100,Sitabuldi,19,4,66
2023-03-10 20:00:00,2,66,Dharampeth,20,4,78
2023-03-10 21:00:00,1,148,Sitabuldi,21,4,25
2023-03-10 22:00:00,1,131,Sitabuldi,22,4,22
2023-03-10 23:00:00,2,135,Dharampeth,23,4,37
2023-03-11 00:00:00,3,73,Civi_lines,0,5,35
2023-03-11 01:00:00,6,68,Railway_Station,1,5,50
2023-03-11 02:00:00,5,86,Sadar,2,5,47
2023-03-11 03:00:00,5,134,Sadar,3,5,37
2023-03-11 04:00:00,6,57,Railway_Station,4,5,51
2023-03-11 05:00:00,1,77,Sitabuldi,5,5,17
2023-03-11 06:00:00,1,54,Sitabuldi,6,5,24
2023-03-11 07:00:00,3,66,Civi_lines,7,5,41
2023-03-11 08:00:00,4,150,IT_Park,8,5,61
2023-03-11 09:00:00,2,85,Dharampeth,9,5,66
2023-03-11 10:00:00,1,68,Sitabuldi,10,5,60
2023-03-11 11:00:00,5,113,Sadar,11,5,36
2023-03-11 12:00:00,3,140,Civi_lines,12,5,44
2023-03-11 13:00:00,2,147,Dharampeth,13,5,25
2023-03-11 14:00:00,3,60,Civi_lines,14,5,34
2023-03-11 15:00:00,2,103,Dharampeth,15,5,29
2023-03-11 16:00:00,2,94,Dharampeth,16,5,27
2023-03-11 17:00:00,6,96,Railway_Station,17,5,80
2023-03-11 18:00:00,1,61,Sitabuldi,18,5,67
2023-03-11 19:00:00,3,70,Civi_lines,19,5,73
2023-03-11 20:00:00,3,60,Civi_lines,20,5,74
2023-03-11 21:00:00,6,141,Railway_Station,21,5,54
2023-03-11 22:00:00,5,54,Sadar,22,5,39
2023-03-11 23:00:00,5,130,Sadar,23,5,50
2023-03-12 00:00:00,1,105,Sitabuldi,0,6,27
2023-03-12 01:00:00,1,69,Sitabuldi,1,6,34
2023-03-12 02:00:00,4,90,IT_Park,2,6,47
2023-03-12 03:00:00,6,95,Railway_Station,3,6,50
2023-03-12 04:00:00,5,61,Sadar,4,6,43
2023-03-12 05:00:00,2,119,Dharampeth,5,6,35
2023-03-12 06:00:00,3,66,Civi_lines,6,6,26
2023-03-12 07:00:00,1,68,Sitabuldi,7,6,16
2023-03-12 08:00:00,3,75,Civi_lines,8,6,66
2023-03-12 09:00:00,3,97,Civi_lines,9,6,62
2023-03-12 10:00:00,4,101,IT_Park,10,6,68
2023-03-12 11:00:00,5,145,Sadar,11,6,46
2023-03-12 12:00:00,1,119,Sitabuldi,12,6,23
2023-03-12 13:00:00,3,104,Civi_lines,13,6,34
2023-03-12 14:00:00,1,149,Sitabuldi,14,6,16
2023-03-12 15:00:00,2,124,Dharampeth,15,6,35
2023-03-12 16:00:00,4,82,IT_Park,16,6,49
2023-03-12 17:00:00,2,111,Dharampeth,17,6,66
2023-03-12 18:00:00,1,137,Sitabuldi,18,6,56
2023-03-12 19:00:00,1,72,Sitabuldi,19,6,55
2023-03-12 20:00:00,5,64,Sadar,20,6,93
2023-03-12 21:00:00,3,76,Civi_lines,21,6,28
2023-03-12 22:00:00,3,124,Civi_lines,22,6,26
2023-03-12 23:00:00,2,113,Dharampeth,23,6,33
2023-03-13 00:00:00,4,130,IT_Park,0,0,31
2023-03-13 01:00:00,6,100,Railway_Station,1,0,54
2023-03-13 02:00:00,3,102,Civi_lines,2,0,36
2023-03-13 03:00:00,5,127,Sadar,3,0,39
2023-03-13 04:00:00,2,140,Dharampeth,4,0,39
2023-03-13 05:00:00,2,131,Dharampeth,5,0,26
2023-03-13 06:00:00,6,141,Railway_Station,6,0,60
2023-03-13 07:00:00,5,100,Sadar,7,0,44
2023-03-13 08:00:00,4,96,IT_Park,8,0,73
2023-03-13 09:00:00,5,53,Sadar,9,0,78
2023-03-13 10:00:00,4,56,IT_Park,10,0,64
2023-03-13 11:00:00,5,84,Sadar,11,0,52
2023-03-13 12:00:00,5,97,Sadar,12,0,48
2023-03-13 13:00:00,1,122,Sitabuldi,13,0,16
2023-03-13 14:00:00,2,121,Dharampeth,14,0,31
2023-03-13 15:00:00,5,94,Sadar,15,0,40
2023-03-13 16:00:00,6,130,Railway_Station,16,0,43
2023-03-13 17:00:00,5,130,Sadar,17,0,87
2023-03-13 18:00:00,3,146,Civi_lines,18,0,68
2023-03-13 19:00:00,2,145,Dharampeth,19,0,73
2023-03-13 20:00:00,3,121,Civi_lines,20,0,80
2023-03-13 21:00:00,2,68,Dharampeth,21,0,23
2023-03-13 22:00:00,3,112,Civi_lines,22,0,25
2023-03-13 23:00:00,5,87,Sadar,23,0,47
2023-03-14 00:00:00,5,116,Sadar,0,1,38
2023-03-14 01:00:00,1,108,Sitabuldi,1,1,34
2023-03-14 02:00:00,6,118,Railway_Station,2,1,57
2023-03-14 03:00:00,3,62,Civi_lines,3,1,30
2023-03-14 04:00:00,4,96,IT_Park,4,1,32
2023-03-14 05:00:00,1,110,Sitabuldi,5,1,27
2023-03-14 06:00:00,3,80,Civi_lines,6,1,40
2023-03-14 07:00:00,3,129,Civi_lines,7,1,29
2023-03-14 08:00:00,1,145,Sitabuldi,8,1,48
2023-03-14 09:00:00,5,71,Sadar,9,1,85
2023-03-14 10:00:00,3,142,Civi_lines,10,1,62
2023-03-14 11:00:00,5,135,Sadar,11,1,53
2023-03-14 12:00:00,1,92,Sitabuldi,12,1,28
2023-03-14 13:00:00,5,116,Sadar,13,1,41
2023-03-14 14:00:00,2,103,Dharampeth,14,1,33
2023-03-14 15:00:00,4,59,IT_Park,15,1,35
2023-03-14 16:00:00,3,91,Civi_lines,16,1,36
2023-03-14 17:00:00,6,113,Railway_Station,17,1,95
2023-03-14 18:00:00,4,70,IT_Park,18,1,86
2023-03-14 19:00:00,5,129,Sadar,19,1,87
2023-03-14 20:00:00,3,125,Civi_lines,20,1,78
2023-03-14 21:00:00,5,115,Sadar,21,1,41
2023-03-14 22:00:00,2,90,Dharampeth,22,1,33
2023-03-14 23:00:00,1,73,Sitabuldi,23,1,29
2023-03-15 00:00:00,3,84,Civi_lines,0,2,36
2023-03-15 01:00:00,2,105,Dharampeth,1,2,36
2023-03-15 02:00:00,2,79,Dharampeth,2,2,28
2023-03-15 03:00:00,3,106,Civi_lines,3,2,39
2023-03-15 04:00:00,5,143,Sadar,4,2,46
2023-03-15 05:00:00,6,96,Railway_Station,5,2,41
2023-03-15 06:00:00,2,84,Dharampeth,6,2,24
2023-03-15 07:00:00,4,68,IT_Park,7,2,42
2023-03-15 08:00:00,2,57,Dharampeth,8,2,69
2023-03-15 09:00:00,6,75,Railway_Station,9,2,77
2023-03-15 10:00:00,5,120,Sadar,10,2,78
2023-03-15 11:00:00,5,79,Sadar,11,2,49
2023-03-15 12:00:00,4,56,IT_Park,12,2,40
2023-03-15 13:00:00,2,116,Dharampeth,13,2,20
2023-03-15 14:00:00,5,114,Sadar,14,2,55
2023-03-15 15:00:00,6,85,Railway_Station,15,2,42
2023-03-15 16:00:00,3,74,Civi_lines,16,2,41
2023-03-15 17:00:00,1,86,Sitabuldi,17,2,73
2023-03-15 18:00:00,1,50,Sitabuldi,18,2,68
2023-03-15 19:00:00,1,64,Sitabuldi,19,2,62
2023-03-15 20:00:00,2,86,Dharampeth,20,2,72
2023-03-15 21:00:00,4,62,IT_Park,21,2,49
2023-03-15 22:00:00,5,57,Sadar,22,2,37
2023-03-15 23:00:00,3,54,Civi_lines,23,2,29
2023-03-16 00:00:00,6,109,Railway_Station,0,3,48
2023-03-16 01:00:00,3,122,Civi_lines,1,3,30
2023-03-16 02:00:00,6,50,Railway_Station,2,3,41
2023-03-16 03:00:00,2,85,Dharampeth,3,3,32
2023-03-16 04:00:00,1,84,Sitabuldi,4,3,19
2023-03-16 05:00:00,2,115,Dharampeth,5,3,27
2023-03-16 06:00:00,4,112,IT_Park,6,3,30
2023-03-16 07:00:00,4,72,IT_Park,7,3,49
2023-03-16 08:00:00,6,58,Railway_Station,8,3,81
2023-03-16 09:00:00,5,83,Sadar,9,3,75
2023-03-16 10:00:00,5,95,Sadar,10,3,71
2023-03-16 11:00:00,6,127,Railway_Station,11,3,54
2023-03-16 12:00:00,4,53,IT_Park,12,3,40
2023-03-16 13:00:00,4,79,IT_Park,13,3,45
2023-03-16 14:00:00,4,144,IT_Park,14,3,32
2023-03-16 15:00:00,2,124,Dharampeth,15,3,39
2023-03-16 16:00:00,4,148,IT_Park,16,3,43
2023-03-16 17:00:00,3,121,Civi_lines,17,3,67
2023-03-16 18:00:00,1,52,Sitabuldi,18,3,55
2023-03-16 19:00:00,4,63,IT_Park,19,3,90
2023-03-16 20:00:00,6,109,Railway_Station,20,3,94
2023-03-16 21:00:00,1,126,Sitabuldi,21,3,15
2023-03-16 22:00:00,2,94,Dharampeth,22,3,36
2023-03-16 23:00:00,6,145,Railway_Station,23,3,41
2023-03-17 00:00:00,1,83,Sitabuldi,0,4,34
2023-03-17 01:00:00,6,94,Railway_Station,1,4,45
2023-03-17 02:00:00,2,110,Dharampeth,2,4,27
2023-03-17 03:00:00,3,132,Civi_lines,3,4,40
2023-03-17 04:00:00,2,65,Dharampeth,4,4,38
2023-03-17 05:00:00,2,115,Dharampeth,5,4,20
2023-03-17 06:00:00,6,89,Railway_Station,6,4,42
2023-03-17 07:00:00,5,66,Sadar,7,4,37
2023-03-17 08:00:00,4,83,IT_Park,8,4,64
2023-03-17 09:00:00,4,65,IT_Park,9,4,71
2023-03-17 10:00:00,3,109,Civi_lines,10,4,66
2023-03-17 11:00:00,3,115,Civi_lines,11,4,44
2023-03-17 12:00:00,4,115,IT_Park,12,4,42
2023-03-17 13:00:00,5,139,Sadar,13,4,54
2023-03-17 14:00:00,4,62,IT_Park,14,4,38
2023-03-17 15:00:00,5,105,Sadar,15,4,41
2023-03-17 16:00:00,3,80,Civi_lines,16,4,28
2023-03-17 17:00:00,1,83,Sitabuldi,17,4,73
2023-03-17 18:00:00,6,88,Railway_Station,18,4,98
2023-03-17 19:00:00,3,116,Civi_lines,19,4,70
2023-03-17 20:00:00,3,57,Civi_lines,20,4,77
2023-03-17 21:00:00,2,136,Dharampeth,21,4,30
2023-03-17 22:00:00,2,127,Dharampeth,22,4,32
2023-03-17 23:00:00,2,104,Dharampeth,23,4,32
2023-03-18 00:00:00,6,76,Railway_Station,0,5,59
2023-03-18 01:00:00,2,142,Dharampeth,1,5,34
2023-03-18 02:00:00,5,102,Sadar,2,5,55
2023-03-18 03:00:00,4,88,IT_Park,3,5,42
2023-03-18 04:00:00,1,114,Sitabuldi,4,5,25
2023-03-18 05:00:00,3,66,Civi_lines,5,5,43
2023-03-18 06:00:00,5,79,Sadar,6,5,42
2023-03-18 07:00:00,1,102,Sitabuldi,7,5,34
2023-03-18 08:00:00,5,62,Sadar,8,5,72
2023-03-18 09:00:00,5,70,Sadar,9,5,74
2023-03-18 10:00:00,3,68,Civi_lines,10,5,70
2023-03-18 11:00:00,4,102,IT_Park,11,5,48
2023-03-18 12:00:00,2,68,Dharampeth,12,5,30
2023-03-18 13:00:00,6,106,Railway_Station,13,5,52
2023-03-18 14:00:00,4,74,IT_Park,14,5,38
2023-03-18 15:00:00,6,135,Railway_Station,15,5,59
2023-03-18 16:00:00,3,80,Civi_lines,16,5,43
2023-03-18 17:00:00,3,130,Civi_lines,17,5,80
2023-03-18 18:00:00,3,104,Civi_lines,18,5,71
2023-03-18 19:00:00,1,72,Sitabuldi,19,5,73
2023-03-18 20:00:00,6,81,Railway_Station,20,5,91
2023-03-18 21:00:00,4,111,IT_Park,21,5,44
2023-03-18 22:00:00,4,123,IT_Park,22,5,43
2023-03-18 23:00:00,5,59,Sadar,23,5,45
2023-03-19 00:00:00,5,149,Sadar,0,6,44
2023-03-19 01:00:00,5,121,Sadar,1,6,45
2023-03-19 02:00:00,3,103,Civi_lines,2,6,30
2023-03-19 03:00:00,4,101,IT_Park,3,6,31
2023-03-19 04:00:00,6,69,Railway_Station,4,6,50
2023-03-19 05:00:00,3,81,Civi_lines,5,6,43
2023-03-19 06:00:00,1,63,Sitabuldi,6,6,20
2023-03-19 07:00:00,5,99,Sadar,7,6,48
2023-03-19 08:00:00,3,77,Civi_lines,8,6,74
2023-03-19 09:00:00,3,102,Civi_lines,9,6,60
2023-03-19 10:00:00,1,73,Sitabuldi,10,6,61
2023-03-19 11:00:00,2,128,Dharampeth,11,6,29
2023-03-19 12:00:00,4,71,IT_Park,12,6,30
2023-03-19 13:00:00,6,79,Railway_Station,13,6,42
2023-03-19 14:00:00,2,112,Dharampeth,14,6,27
2023-03-19 15:00:00,5,53,Sadar,15,6,42
2023-03-19 16:00:00,3,126,Civi_lines,16,6,44
2023-03-19 17:00:00,1,108,Sitabuldi,17,6,69
2023-03-19 18:00:00,1,136,Sitabuldi,18,6,61
2023-03-19 19:00:00,4,57,IT_Park,19,6,80
2023-03-19 20:00:00,2,131,Dharampeth,20,6,66
2023-03-19 21:00:00,4,61,IT_Park,21,6,33
2023-03-19 22:00:00,3,80,Civi_lines,22,6,36
2023-03-19 23:00:00,4,127,IT_Park,23,6,35
2023-03-20 00:00:00,6,83,Railway_Station,0,0,53
2023-03-20 01:00:00,1,131,Sitabuldi,1,0,26
2023-03-20 02:00:00,1,147,Sitabuldi,2,0,25
2023-03-20 03:00:00,5,124,Sadar,3,0,53
2023-03-20 04:00:00,5,125,Sadar,4,0,55
2023-03-20 05:00:00,3,98,Civi_lines,5,0,29
2023-03-20 06:00:00,6,128,Railway_Station,6,0,53
2023-03-20 07:00:00,2,106,Dharampeth,7,0,40
2023-03-20 08:00:00,4,144,IT_Park,8,0,75
2023-03-20 09:00:00,3,142,Civi_lines,9,0,67
2023-03-20 10:00:00,5,75,Sadar,10,0,84
2023-03-20 11:00:00,4,67,IT_Park,11,0,33
2023-03-20 12:00:00,5,145,Sadar,12,0,45
2023-03-20 13:00:00,4,135,IT_Park,13,0,46
2023-03-20 14:00:00,2,87,Dharampeth,14,0,26
2023-03-20 15:00:00,3,130,Civi_lines,15,0,38
2023-03-20 16:00:00,4,136,IT_Park,16,0,40
2023-03-20 17:00:00,6,137,Railway_Station,17,0,88
2023-03-20 18:00:00,1,99,Sitabuldi,18,0,67
2023-03-20 19:00:00,6,57,Railway_Station,19,0,97
2023-03-20 20:00:00,6,90,Railway_Station,20,0,90
2023-03-20 21:00:00,1,55,Sitabuldi,21,0,29
2023-03-20 22:00:00,6,118,Railway_Station,22,0,58
2023-03-20 23:00:00,4,93,IT_Park,23,0,30
2023-03-21 00:00:00,4,113,IT_Park,0,1,33
2023-03-21 01:00:00,4,78,IT_Park,1,1,43
2023-03-21 02:00:00,1,77,Sitabuldi,2,1,28
2023-03-21 03:00:00,6,60,Railway_Station,3,1,42
2023-03-21 04:00:00,1,114,Sitabuldi,4,1,31
2023-03-21 05:00:00,4,68,IT_Park,5,1,32
2023-03-21 06:00:00,6,58,Railway_Station,6,1,55
2023-03-21 07:00:00,6,76,Railway_Station,7,1,53
2023-03-21 08:00:00,5,83,Sadar,8,1,84
2023-03-21 09:00:00,5,93,Sadar,9,1,77
2023-03-21 10:00:00,2,117,Dharampeth,10,1,64
2023-03-21 11:00:00,3,149,Civi_lines,11,1,38
2023-03-21 12:00:00,5,131,Sadar,12,1,53
2023-03-21 13:00:00,1,64,Sitabuldi,13,1,20
2023-03-21 14:00:00,5,100,Sadar,14,1,44
2023-03-21 15:00:00,2,62,Dharampeth,15,1,34
2023-03-21 16:00:00,6,132,Railway_Station,16,1,60
2023-03-21 17:00:00,2,98,Dharampeth,17,1,79
2023-03-21 18:00:00,6,119,Railway_Station,18,1,85
2023-03-21 19:00:00,6,105,Railway_Station,19,1,89
2023-03-21 20:00:00,3,125,Civi_lines,20,1,71
2023-03-21 21:00:00,5,100,Sadar,21,1,51
2023-03-21 22:00:00,1,86,Sitabuldi,22,1,32
2023-03-21 23:00:00,1,66,Sitabuldi,23,1,31
2023-03-22 00:00:00,4,107,IT_Park,0,2,38
2023-03-22 01:00:00,6,136,Railway_Station,1,2,49
2023-03-22 02:00:00,1,139,Sitabuldi,2,2,24
2023-03-22 03:00:00,3,78,Civi_lines,3,2,31
2023-03-22 04:00:00,6,82,Railway_Station,4,2,55
2023-03-22 05:00:00,3,109,Civi_lines,5,2,42
2023-03-22 06:00:00,1,140,Sitabuldi,6,2,20
2023-03-22 07:00:00,1,138,Sitabuldi,7,2,34
2023-03-22 08:00:00,4,104,IT_Park,8,2,60
2023-03-22 09:00:00,1,59,Sitabuldi,9,2,45
2023-03-22 10:00:00,6,96,Railway_Station,10,2,81
2023-03-22 11:00:00,6,72,Railway_Station,11,2,60
2023-03-22 12:00:00,6,134,Railway_Station,12,2,41
2023-03-22 13:00:00,4,70,IT_Park,13,2,33
2023-03-22 14:00:00,4,62,IT_Park,14,2,46
2023-03-22 15:00:00,1,150,Sitabuldi,15,2,18
2023-03-22 16:00:00,2,82,Dharampeth,16,2,30
2023-03-22 17:00:00,2,73,Dharampeth,17,2,63
2023-03-22 18:00:00,4,60,IT_Park,18,2,70
2023-03-22 19:00:00,1,66,Sitabuldi,19,2,61
2023-03-22 20:00:00,2,117,Dharampeth,20,2,77
2023-03-22 21:00:00,1,96,Sitabuldi,21,2,23
2023-03-22 22:00:00,1,74,Sitabuldi,22,2,17
2023-03-22 23:00:00,1,143,Sitabuldi,23,2,22
2023-03-23 00:00:00,5,122,Sadar,0,3,53
2023-03-23 01:00:00,6,70,Railway_Station,1,3,43
2023-03-23 02:00:00,1,133,Sitabuldi,2,3,32
2023-03-23 03:00:00,5,132,Sadar,3,3,54
2023-03-23 04:00:00,4,132,IT_Park,4,3,40
2023-03-23 05:00:00,2,61,Dharampeth,5,3,33
2023-03-23 06:00:00,6,86,Railway_Station,6,3,57
2023-03-23 07:00:00,2,91,Dharampeth,7,3,35
2023-03-23 08:00:00,6,66,Railway_Station,8,3,72
2023-03-23 09:00:00,2,150,Dharampeth,9,3,64
2023-03-23 10:00:00,6,97,Railway_Station,10,3,73
2023-03-23 11:00:00,2,77,Dharampeth,11,3,24
2023-03-23 12:00:00,2,90,Dharampeth,12,3,36
2023-03-23 13:00:00,2,148,Dharampeth,13,3,26
2023-03-23 14:00:00,2,96,Dharampeth,14,3,35
2023-03-23 15:00:00,4,67,IT_Park,15,3,43
2023-03-23 16:00:00,1,127,Sitabuldi,16,3,30
2023-03-23 17:00:00,3,148,Civi_lines,17,3,71
2023-03-23 18:00:00,5,120,Sadar,18,3,83
2023-03-23 19:00:00,3,62,Civi_lines,19,3,68
2023-03-23 20:00:00,3,131,Civi_lines,20,3,75
2023-03-23 21:00:00,6,150,Railway_Station,21,3,41
2023-03-23 22:00:00,1,62,Sitabuldi,22,3,26
2023-03-23 23:00:00,6,149,Railway_Station,23,3,51
2023-03-24 00:00:00,1,80,Sitabuldi,0,4,18
2023-03-24 01:00:00,1,51,Sitabuldi,1,4,32
2023-03-24 02:00:00,2,65,Dharampeth,2,4,40
2023-03-24 03:00:00,4,58,IT_Park,3,4,36
2023-03-24 04:00:00,2,122,Dharampeth,4,4,20
2023-03-24 05:00:00,4,87,IT_Park,5,4,42
2023-03-24 06:00:00,6,124,Railway_Station,6,4,45
2023-03-24 07:00:00,4,103,IT_Park,7,4,35
2023-03-24 08:00:00,6,105,Railway_Station,8,4,81
2023-03-24 09:00:00,3,135,Civi_lines,9,4,62
2023-03-24 10:00:00,3,146,Civi_lines,10,4,73
2023-03-24 11:00:00,4,149,IT_Park,11,4,34
2023-03-24 12:00:00,4,136,IT_Park,12,4,47
2023-03-24 13:00:00,6,94,Railway_Station,13,4,44
2023-03-24 14:00:00,2,83,Dharampeth,14,4,29
2023-03-24 15:00:00,6,58,Railway_Station,15,4,40
2023-03-24 16:00:00,2,137,Dharampeth,16,4,29
2023-03-24 17:00:00,3,57,Civi_lines,17,4,69
2023-03-24 18:00:00,1,56,Sitabuldi,18,4,66
2023-03-24 19:00:00,4,85,IT_Park,19,4,76
2023-03-24 20:00:00,2,67,Dharampeth,20,4,68
2023-03-24 21:00:00,6,52,Railway_Station,21,4,60
2023-03-24 22:00:00,3,77,Civi_lines,22,4,36
2023-03-24 23:00:00,2,119,Dharampeth,23,4,20
2023-03-25 00:00:00,6,93,Railway_Station,0,5,50
2023-03-25 01:00:00,4,70,IT_Park,1,5,50
2023-03-25 02:00:00,4,77,IT_Park,2,5,44
2023-03-25 03:00:00,5,103,Sadar,3,5,36
2023-03-25 04:00:00,1,103,Sitabuldi,4,5,34
2023-03-25 05:00:00,5,114,Sadar,5,5,41
2023-03-25 06:00:00,3,149,Civi_lines,6,5,45
2023-03-25 07:00:00,2,70,Dharampeth,7,5,31
2023-03-25 08:00:00,3,148,Civi_lines,8,5,72
2023-03-25 09:00:00,6,62,Railway_Station,9,5,72
2023-03-25 10:00:00,4,106,IT_Park,10,5,66
2023-03-25 11:00:00,5,98,Sadar,11,5,45
2023-03-25 12:00:00,5,103,Sadar,12,5,52
2023-03-25 13:00:00,5,59,Sadar,13,5,46
2023-03-25 14:00:00,3,102,Civi_lines,14,5,30
2023-03-25 15:00:00,4,93,IT_Park,15,5,34
2023-03-25 16:00:00,2,96,Dharampeth,16,5,20
2023-03-25 17:00:00,6,102,Railway_Station,17,5,91
2023-03-25 18:00:00,2,123,Dharampeth,18,5,70
2023-03-25 19:00:00,3,95,Civi_lines,19,5,68
2023-03-25 20:00:00,6,62,Railway_Station,20,5,97
2023-03-25 21:00:00,5,86,Sadar,21,5,38
2023-03-25 22:00:00,1,73,Sitabuldi,22,5,31
2023-03-25 23:00:00,3,51,Civi_lines,23,5,26
2023-03-26 00:00:00,3,135,Civi_lines,0,6,26
2023-03-26 01:00:00,4,130,IT_Park,1,6,41
2023-03-26 02:00:00,2,149,Dharampeth,2,6,25
2023-03-26 03:00:00,3,63,Civi_lines,3,6,34
2023-03-26 04:00:00,3,59,Civi_lines,4,6,45
2023-03-26 05:00:00,5,84,Sadar,5,6,50
2023-03-26 06:00:00,5,74,Sadar,6,6,48
2023-03-26 07:00:00,6,52,Railway_Station,7,6,46
2023-03-26 08:00:00,1,66,Sitabuldi,8,6,63
2023-03-26 09:00:00,4,61,IT_Park,9,6,76
2023-03-26 10:00:00,1,103,Sitabuldi,10,6,53
2023-03-26 11:00:00,6,73,Railway_Station,11,6,52
2023-03-26 12:00:00,5,78,Sadar,12,6,39
2023-03-26 13:00:00,2,92,Dharampeth,13,6,24
2023-03-26 14:00:00,5,74,Sadar,14,6,44
2023-03-26 15:00:00,4,149,IT_Park,15,6,50
2023-03-26 16:00:00,5,109,Sadar,16,6,44
2023-03-26 17:00:00,4,139,IT_Park,17,6,76
2023-03-26 18:00:00,4,114,IT_Park,18,6,84
2023-03-26 19:00:00,4,133,IT_Park,19,6,76
2023-03-26 20:00:00,6,77,Railway_Station,20,6,94
2023-03-26 21:00:00,4,65,IT_Park,21,6,32
2023-03-26 22:00:00,4,96,IT_Park,22,6,48
2023-03-26 23:00:00,2,130,Dharampeth,23,6,29
2023-03-27 00:00:00,1,141,Sitabuldi,0,0,29
2023-03-27 01:00:00,3,107,Civi_lines,1,0,27
2023-03-27 02:00:00,1,125,Sitabuldi,2,0,20
2023-03-27 03:00:00,4,76,IT_Park,3,0,41
2023-03-27 04:00:00,2,102,Dharampeth,4,0,34
2023-03-27 05:00:00,5,91,Sadar,5,0,40
2023-03-27 06:00:00,2,108,Dharampeth,6,0,32
2023-03-27 07:00:00,4,96,IT_Park,7,0,48
2023-03-27 08:00:00,2,143,Dharampeth,8,0,52
2023-03-27 09:00:00,2,83,Dharampeth,9,0,57
2023-03-27 10:00:00,4,86,IT_Park,10,0,67
2023-03-27 11:00:00,6,55,Railway_Station,11,0,59
2023-03-27 12:00:00,2,56,Dharampeth,12,0,34
2023-03-27 13:00:00,3,145,Civi_lines,13,0,28
2023-03-27 14:00:00,3,145,Civi_lines,14,0,43
2023-03-27 15:00:00,2,74,Dharampeth,15,0,40
2023-03-27 16:00:00,6,82,Railway_Station,16,0,42
2023-03-27 17:00:00,5,104,Sadar,17,0,87
2023-03-27 18:00:00,4,107,IT_Park,18,0,77
2023-03-27 19:00:00,3,56,Civi_lines,19,0,80
2023-03-27 20:00:00,5,106,Sadar,20,0,87
2023-03-27 21:00:00,2,61,Dharampeth,21,0,22
2023-03-27 22:00:00,5,65,Sadar,22,0,50
2023-03-27 23:00:00,1,129,Sitabuldi,23,0,23
2023-03-28 00:00:00,3,92,Civi_lines,0,1,38
2023-03-28 01:00:00,2,149,Dharampeth,1,1,32
2023-03-28 02:00:00,4,126,IT_Park,2,1,50
2023-03-28 03:00:00,6,56,Railway_Station,3,1,46
2023-03-28 04:00:00,2,149,Dharampeth,4,1,34
2023-03-28 05:00:00,4,100,IT_Park,5,1,36
2023-03-28 06:00:00,6,122,Railway_Station,6,1,45
2023-03-28 07:00:00,6,81,Railway_Station,7,1,41
2023-03-28 08:00:00,2,124,Dharampeth,8,1,58
2023-03-28 09:00:00,5,57,Sadar,9,1,81
2023-03-28 10:00:00,5,146,Sadar,10,1,69
2023-03-28 11:00:00,6,136,Railway_Station,11,1,51
2023-03-28 12:00:00,5,138,Sadar,12,1,35
2023-03-28 13:00:00,1,121,Sitabuldi,13,1,24
2023-03-28 14:00:00,6,94,Railway_Station,14,1,50
2023-03-28 15:00:00,6,135,Railway_Station,15,1,55
2023-03-28 16:00:00,4,108,IT_Park,16,1,43
2023-03-28 17:00:00,5,53,Sadar,17,1,82
2023-03-28 18:00:00,6,116,Railway_Station,18,1,96
2023-03-28 19:00:00,1,78,Sitabuldi,19,1,72
2023-03-28 20:00:00,4,78,IT_Park,20,1,81
2023-03-28 21:00:00,2,147,Dharampeth,21,1,36
2023-03-28 22:00:00,6,147,Railway_Station,22,1,53
2023-03-28 23:00:00,1,77,Sitabuldi,23,1,30
2023-03-29 00:00:00,3,126,Civi_lines,0,2,38
2023-03-29 01:00:00,1,128,Sitabuldi,1,2,23
2023-03-29 02:00:00,1,136,Sitabuldi,2,2,18
2023-03-29 03:00:00,4,93,IT_Park,3,2,40
2023-03-29 04:00:00,2,139,Dharampeth,4,2,25
2023-03-29 05:00:00,3,53,Civi_lines,5,2,39
2023-03-29 06:00:00,5,139,Sadar,6,2,39
2023-03-29 07:00:00,5,58,Sadar,7,2,45
2023-03-29 08:00:00,1,54,Sitabuldi,8,2,62
2023-03-29 09:00:00,4,105,IT_Park,9,2,72
2023-03-29 10:00:00,4,145,IT_Park,10,2,70
2023-03-29 11:00:00,5,133,Sadar,11,2,48
2023-03-29 12:00:00,3,99,Civi_lines,12,2,42
2023-03-29 13:00:00,2,124,Dharampeth,13,2,38
2023-03-29 14:00:00,3,64,Civi_lines,14,2,39
2023-03-29 15:00:00,6,81,Railway_Station,15,2,48
2023-03-29 16:00:00,6,77,Railway_Station,16,2,47
2023-03-29 17:00:00,2,71,Dharampeth,17,2,79
2023-03-29 18:00:00,5,66,Sadar,18,2,75
2023-03-29 19:00:00,2,108,Dharampeth,19,2,63
2023-03-29 20:00:00,4,139,IT_Park,20,2,83
2023-03-29 21:00:00,6,120,Railway_Station,21,2,41
2023-03-29 22:00:00,1,106,Sitabuldi,22,2,30
2023-03-29 23:00:00,1,75,Sitabuldi,23,2,17
2023-03-30 00:00:00,5,74,Sadar,0,3,42
2023-03-30 01:00:00,4,59,IT_Park,1,3,35
2023-03-30 02:00:00,3,94,Civi_lines,2,3,40
2023-03-30 03:00:00,4,132,IT_Park,3,3,45
2023-03-30 04:00:00,1,60,Sitabuldi,4,3,21
2023-03-30 05:00:00,1,126,Sitabuldi,5,3,27
2023-03-30 06:00:00,6,102,Railway_Station,6,3,52
2023-03-30 07:00:00,4,121,IT_Park,7,3,34
2023-03-30 08:00:00,4,117,IT_Park,8,3,79
2023-03-30 09:00:00,1,144,Sitabuldi,9,3,62
2023-03-30 10:00:00,3,77,Civi_lines,10,3,69
2023-03-30 11:00:00,5,124,Sadar,11,3,52
2023-03-30 12:00:00,5,114,Sadar,12,3,36
2023-03-30 13:00:00,4,98,IT_Park,13,3,39
2023-03-30 14:00:00,5,96,Sadar,14,3,47
2023-03-30 15:00:00,1,101,Sitabuldi,15,3,32
2023-03-30 16:00:00,1,137,Sitabuldi,16,3,29
2023-03-30 17:00:00,4,103,IT_Park,17,3,81
2023-03-30 18:00:00,4,109,IT_Park,18,3,84
2023-03-30 19:00:00,6,106,Railway_Station,19,3,92
2023-03-30 20:00:00,4,96,IT_Park,20,3,87
2023-03-30 21:00:00,3,80,Civi_lines,21,3,39
2023-03-30 22:00:00,5,95,Sadar,22,3,45
2023-03-30 23:00:00,4,75,IT_Park,23,3,48
2023-03-31 00:00:00,2,54,Dharampeth,0,4,22
